31 Oct 2017, 09:18	Give Me A Sign	Breaking Benjamin		26caf3f7-7aa2-3f0a-a874-2b098761613b	854a1807-025b-42a8-ba8c-2a39717f1d25	
31 Oct 2015, 23:51	A Man and a Woman	U2		06880df4-9a87-45f2-a6eb-d1837e39ceb0	a3cb23fc-acd3-4ce0-8f36-1e5aa6a18432	
31 Oct 2015, 23:42	Always	U2		43291f73-69ac-3083-a09f-187a2ceea64d	a3cb23fc-acd3-4ce0-8f36-1e5aa6a18432	
31 Oct 2015, 21:43	Running to Stand Still	U2		005d1c29-38cf-324e-aeea-3d2635894503	a3cb23fc-acd3-4ce0-8f36-1e5aa6a18432	
31 Oct 2015, 21:37	Bad	U2		00c00e48-a133-3eec-938a-90fce1586890	a3cb23fc-acd3-4ce0-8f36-1e5aa6a18432	
31 Oct 2014, 21:28	Chasing the Sun	Billy Talent		50148ed4-e606-4dc4-bd94-b08d9520b5ef	fd429857-5ace-4609-ae54-1502c3bdac11	
31 May 2018, 16:53	(You Want To) Make A Memory	Bon Jovi		03c80e1b-f7ef-3f83-b015-8c40e1aa8b68	5dcdb5eb-cb72-4e6e-9e63-b7bace604965	
31 May 2018, 16:51	Photograph	Ed Sheeran		067103c9-2086-41de-87bc-5ab32fac6ede	b8a7c51f-362c-4dcb-a259-bc6e0095f0a6	
31 May 2018, 07:22	Misty Morning, Albert Bridge	The Pogues		0a1e771f-4ee1-4f0b-986e-7747fa91f7c2	d41a6875-b626-4c0f-89a1-aecb643d29ff	
31 May 2017, 19:51	Living In Sin	Bon Jovi		0b19ef2f-ab48-31a0-a980-4844d573abe3	5dcdb5eb-cb72-4e6e-9e63-b7bace604965	
31 May 2017, 18:25	This Ain't A Love Song	Bon Jovi		03c906a4-1899-4ef6-b406-e5b8732ae9e6	5dcdb5eb-cb72-4e6e-9e63-b7bace604965	
31 May 2017, 18:18	These Days	Bon Jovi		0aeef35c-d0cf-417b-95db-7cec7f85d4b3	5dcdb5eb-cb72-4e6e-9e63-b7bace604965	
31 Jul 2017, 20:18	Danny Boy	The Tossers		c0c5bb39-32dc-4696-83c9-b393a6549663	42d42c04-7698-4b2e-9c9e-6b5ec5e36feb	
31 Jan 2017, 17:01	The Green Fields of France	Dropkick Murphys		494f8a17-ec0c-46ce-8b25-b7b724e40a70	e8374874-4178-4869-b92e-fef6bf30dc04	
31 Jan 2017, 04:28	One Day Like This	Elbow		09bbe82b-0580-38b0-be23-b501beba1fdd	3cb3928a-526c-4a3d-93c5-53315fa9bde0	
31 Jan 2017, 04:27	Real Life (Angel)	Elbow		6a77d419-c356-4468-849f-a36c0ff2af1b	3cb3928a-526c-4a3d-93c5-53315fa9bde0	
30 Sep 2015, 14:03	Walk Away	Funeral for a Friend		010cdbc9-4ea2-3144-b9d9-fec983871689	199d0ab3-22c0-4c00-b99d-257f591dda1f	
30 Oct 2015, 01:20	Into The World	Stereophonics		138db9ab-f6ea-46bc-9d66-6648c9f94a3e	0bfba3d3-6a04-4779-bb0a-df07df5b0558	
30 Oct 2015, 01:05	Song For The Summer	Stereophonics		2de58cff-b75f-47d6-bce3-be3ff33a2b73	0bfba3d3-6a04-4779-bb0a-df07df5b0558	
30 Oct 2015, 00:42	White Lies	Stereophonics		5d03999b-9a03-4c4c-9e08-1ea64b1ad6a2	0bfba3d3-6a04-4779-bb0a-df07df5b0558	
30 Nov 2018, 06:58	Reckless Serenade	Arctic Monkeys		0b29f3f7-c209-3593-acc0-45951ce43ab0	ada7a83c-e3e1-40f1-93f9-3e73dbc9298a	
30 Nov 2018, 06:58	Piledriver Waltz	Arctic Monkeys		3d6c338d-6f70-30e8-84e3-a51fc2f0b9e4	ada7a83c-e3e1-40f1-93f9-3e73dbc9298a	
30 Nov 2017, 15:05	Sunday Bloody Sunday	U2		0007f8d9-879f-3591-a8c8-7c2610500921	a3cb23fc-acd3-4ce0-8f36-1e5aa6a18432	
30 Nov 2017, 15:05	New Year's Day	U2		012a04f1-c6c8-3575-bd85-55c79ae86427	a3cb23fc-acd3-4ce0-8f36-1e5aa6a18432	
30 May 2018, 19:49	Don't Let Me Die	Flogging Molly			c3694ddc-f7e5-40dd-9fad-90d11a2c50fa	
30 May 2017, 19:14	Seat Next To You	Bon Jovi		0c922b77-c3e9-4305-9e91-07d3afee218f	5dcdb5eb-cb72-4e6e-9e63-b7bace604965	
30 May 2017, 17:04	Good Riddance (Time of Your Life)	Green Day		0103fdec-5abe-48ea-a39b-b1bc6eb826f4	084308bd-1654-436f-ba03-df6697104e19	
30 May 2017, 16:58	Star	Bryan Adams		0cbfc993-de71-3d4e-bb15-523c9e947522	4dbf5678-7a31-406a-abbe-232f8ac2cd63	
30 May 2015, 15:27	A Land Fit for Zeros	The Proclaimers		1d27def4-a7cf-366f-a6a0-326508bfa28f	1303b976-b862-4f04-94fd-a8d444e06714	
30 Jan 2017, 14:44	Fields of Athenry	Dropkick Murphys		0acf8c2d-e6c6-3fdd-b4fc-5a10e39d4b45	e8374874-4178-4869-b92e-fef6bf30dc04	
30 Jan 2017, 14:36	World Full of Hate	Dropkick Murphys		46c2c4be-dd86-3f02-a177-14624d2388a9	e8374874-4178-4869-b92e-fef6bf30dc04	
30 Aug 2018, 09:45	This Means War	Avenged Sevenfold		04a03d55-9049-4b84-9f21-4318c4ebc0dc	24e1b53c-3085-4581-8472-0b0088d2508c	
30 Apr 2018, 21:24	Summer In Siam	The Pogues		027ba323-b5ba-3371-904a-f5d52c0d6523	d41a6875-b626-4c0f-89a1-aecb643d29ff	
29 Sep 2014, 16:53	Where I End and You Begin	Radiohead		02ad8194-b221-3ad6-a39b-7647913886e5	a74b1b7f-71a5-4011-9441-d0b5e4122711	
29 Sep 2014, 16:43	Black Star	Radiohead		0676d723-3cdb-4182-8316-05314d7f44c7	a74b1b7f-71a5-4011-9441-d0b5e4122711	
29 Sep 2014, 15:22	Chances	Athlete		0cdce262-f4b6-3182-b242-5bad72850dff	906cbb69-b793-463a-832d-b5bf850f01a2	
29 Oct 2015, 23:33	I Wanna Get Lost With You	Stereophonics		247a789c-f305-4b27-a002-91e84d072cd0	0bfba3d3-6a04-4779-bb0a-df07df5b0558	
29 Jan 2019, 22:46	All I Ever Wanted	The Airborne Toxic Event		36aaf99e-18e6-3bfd-96e7-6dcc715fad59	892fb2e4-0af4-42be-9e60-22898de51d32	
29 Jan 2019, 22:46	All For A Woman	The Airborne Toxic Event		14290521-5326-3041-8e72-f1916998cbbe	892fb2e4-0af4-42be-9e60-22898de51d32	
29 Jan 2017, 22:27	Homeward Bound	Simon & Garfunkel		005f1ef7-82e4-3d14-b796-aff454971176	5d02f264-e225-41ff-83f7-d9b1f0b1874a	
29 Jan 2015, 20:46	Letter from America [Band Version]	The Proclaimers			1303b976-b862-4f04-94fd-a8d444e06714	
29 Aug 2018, 22:17	I Won't See You Tonight Part 1	Avenged Sevenfold			24e1b53c-3085-4581-8472-0b0088d2508c	
29 Aug 2018, 20:56	Far From Perfect	Rise Against		3b5e0995-cccc-4fe5-94ee-42109c43b886	606bf117-494f-4864-891f-09d63ff6aa4b	
29 Aug 2018, 19:24	You	Breaking Benjamin		12486715-5007-48f3-8fe1-bf217b18335e	854a1807-025b-42a8-ba8c-2a39717f1d25	
29 Aug 2018, 14:03	Waiting for the End	Linkin Park		0e83aef6-0c9d-352f-a7be-bf984d2c8a4d	f59c5520-5f46-4d2c-b2c4-822eabf53419	
29 Aug 2018, 13:25	Ashes of Eden	Breaking Benjamin		12c0a344-977a-4a44-8e79-95b4fea9c7fb	854a1807-025b-42a8-ba8c-2a39717f1d25	
29 Aug 2015, 20:41	Time	Tom Waits		000708c8-266b-35d2-b839-cbd189b5d7ae	c3aeb863-7b26-4388-94e8-5a240f2be21b	
29 Aug 2015, 20:40	Only Love	Mumford & Sons		0729c397-1cf4-4228-bf44-5373ead01aa8	c44e9c22-ef82-4a77-9bcd-af6c958446d6	
29 Aug 2014, 10:51	Superheroes	The Script		0a19d7d0-ccd7-4791-9df4-213e070f6045	4c98aa1b-34eb-4336-987f-5e50aa059c00	
29 Apr 2017, 22:46	L'Ultimo Metrò	Eros Ramazzotti		0e478ea6-8151-3b22-8e5e-bb69680ea7a5	3ab7295a-54ac-40e8-b1b2-3d110a143550	
28 Oct 2015, 11:32	The Starting Line	Keane		112cceed-495e-4c43-b32c-3ca34c58f688	c7020c6d-cae9-4db3-92a7-e5c561cbad50	
28 Mar 2015, 11:19	The Thought Of You	The Proclaimers		00efe5c9-ae0f-3653-bf3d-ca62f893e5ea	1303b976-b862-4f04-94fd-a8d444e06714	
28 Mar 2015, 11:18	What School	The Proclaimers				
28 Mar 2015, 11:18	The Joyful Kilmarnock Blues	The Proclaimers		2ead364d-d009-4312-aba6-0246801a9f53	1303b976-b862-4f04-94fd-a8d444e06714	
28 Mar 2015, 11:18	Not Cynical	The Proclaimers		1d282d11-4507-48d4-8caf-0656cb6f3648	1303b976-b862-4f04-94fd-a8d444e06714	
28 Mar 2015, 11:18	Little Wanderer	Death Cab for Cutie		4a979993-b63a-4982-bc06-24e01e82c04d	0039c7ae-e1a7-4a7d-9b49-0cbc716821a6	
28 Mar 2015, 11:18	Leaving Home	The Proclaimers		6c7a9557-1352-3d31-adfa-c113976f9e9a	1303b976-b862-4f04-94fd-a8d444e06714	
28 Jun 2015, 10:53	Cap In Hand	The Proclaimers		1911c61a-3ac2-3d21-a4c9-1edfb71e9e9e	1303b976-b862-4f04-94fd-a8d444e06714	
28 Jan 2015, 17:59	There's No Doubt	The Proclaimers		a73ba2d2-2218-365c-a00e-ee2af72f885c	1303b976-b862-4f04-94fd-a8d444e06714	
28 Jan 2015, 17:58	Redeemed	The Proclaimers		415e9d57-9d49-359c-ba63-8d8c66012e1d	1303b976-b862-4f04-94fd-a8d444e06714	
28 Jan 2015, 17:57	Unguarded Moments	The Proclaimers		588c28d1-c134-3e98-b856-74f5b12cb94d	1303b976-b862-4f04-94fd-a8d444e06714	
28 Jan 2015, 17:57	No Witness	The Proclaimers		990b610a-9d5b-3d53-ad3d-6ef046ef2d4d	1303b976-b862-4f04-94fd-a8d444e06714	
28 Jan 2015, 17:05	When You're in Love	The Proclaimers		1def1892-8b0e-36ed-be2e-988866a884b4	1303b976-b862-4f04-94fd-a8d444e06714	
28 Jan 2015, 17:04	Scotland's Story	The Proclaimers		8da047e4-b4be-326d-a13e-b2c7a15d66d2	1303b976-b862-4f04-94fd-a8d444e06714	
28 Feb 2017, 18:44	Die on Time	Young Guns		021139cc-c169-48ad-a551-9bfb85df0167	40a10c54-06a1-46ad-9161-53e989c4ca95	
28 Feb 2017, 18:43	Paradise	Young Guns		1174f11c-ce20-49db-addc-a3d5e029cfc5	40a10c54-06a1-46ad-9161-53e989c4ca95	
28 Apr 2017, 09:02	Il tuo sguardo manca	Il Volo			0bf8b6a0-8ae4-42f7-ba7a-d66d343c73da	
28 Apr 2015, 05:33	If I'm Still Around	The Proclaimers		87d5801d-104d-464a-8636-c22e233c64cd	1303b976-b862-4f04-94fd-a8d444e06714	
28 Apr 2015, 05:24	Rainbows and Happy Regrets	The Proclaimers		36cc7f54-abe4-43d8-97ef-1677a3559c7c	1303b976-b862-4f04-94fd-a8d444e06714	
28 Apr 2015, 04:59	Tuesday Afternoon	The Proclaimers		3ea75858-0426-46d7-9214-836d6123f8ad	1303b976-b862-4f04-94fd-a8d444e06714	
27 Oct 2015, 19:38	I Will Wait	Mumford & Sons		051daabb-0219-31f2-bf1c-7e45cb74cc47	c44e9c22-ef82-4a77-9bcd-af6c958446d6	
27 Nov 2018, 00:47	Your Town	LP		49398ce6-5cd3-4261-8bcb-a9c1e66558b8		
27 Nov 2018, 00:47	When We're High	LP		0856a225-2948-47d9-83e0-aed9b9e6827e		
27 Nov 2018, 00:47	Recovery	LP		61de07bd-7ee7-4757-b4af-1c5538b3dcb9		
27 May 2017, 19:20	Float	Flogging Molly		268f73cf-3fd3-3e94-a7d7-8beb9494d720	c3694ddc-f7e5-40dd-9fad-90d11a2c50fa	
27 May 2014, 15:36	Comrade Spill My Blood	Editors		9b7ab909-6062-4c22-a1df-a06dc5df1f69	0efe858c-89e5-4e47-906a-356fa953fd6e	
27 Jun 2017, 20:11	Four Green Fields	The Dubliners		1d23a672-5f5a-3e08-aed7-cd44ea911ed7	d201e6c0-103d-4a9a-9969-909bd421ddad	
27 Jun 2015, 18:30	Be With Me	The Proclaimers		0fde7b7a-5c9e-4550-b43a-4d5c6887bf28	1303b976-b862-4f04-94fd-a8d444e06714	
27 Jun 2015, 18:16	17	The Proclaimers		4fb3be25-d49d-3a34-8d04-f28347379fd8	1303b976-b862-4f04-94fd-a8d444e06714	
27 Jun 2015, 18:14	11  She's Brighter	The Proclaimers		8daf727d-860f-3e5f-9728-ceec6e176a88	1303b976-b862-4f04-94fd-a8d444e06714	
27 Jun 2015, 18:10	Blood Lying On Snow	The Proclaimers		5b7a3268-3802-3e7e-a612-1286688a60fd	1303b976-b862-4f04-94fd-a8d444e06714	
27 Jun 2015, 18:04	Everybody's a Victim	The Proclaimers		9cb29918-42c6-34f7-9e98-5242c1fb4671	1303b976-b862-4f04-94fd-a8d444e06714	
27 Jun 2015, 18:02	Misty Blue	The Proclaimers		2de8f81b-c29a-4f9e-9bfb-70c17c1fa1d7	1303b976-b862-4f04-94fd-a8d444e06714	
27 Jun 2015, 17:58	Hate My Love	The Proclaimers		22628c4c-65cc-32dd-ad88-3063b0b42db5	1303b976-b862-4f04-94fd-a8d444e06714	
27 Jun 2015, 17:52	The Part That Really Matters	The Proclaimers		0d4b09cc-3520-3e03-9a92-aa8d58f716e1	1303b976-b862-4f04-94fd-a8d444e06714	
27 Jun 2015, 17:43	No One Left To Blame	The Proclaimers		8612de49-1283-37b8-b495-ab5ad4d700c1	1303b976-b862-4f04-94fd-a8d444e06714	
27 Jun 2015, 17:14	Sky Takes The Soul	The Proclaimers		30285074-5334-48c6-af7c-2c7c7448ac45	1303b976-b862-4f04-94fd-a8d444e06714	
27 Jun 2015, 16:43	If There's A God	The Proclaimers		119fbc77-1a9d-32e9-8529-f7411f3ad660	1303b976-b862-4f04-94fd-a8d444e06714	
27 Jun 2015, 16:37	I Want To Be A Christian	The Proclaimers		1fe08847-d33c-3d15-bceb-0f398007e605	1303b976-b862-4f04-94fd-a8d444e06714	
27 Jun 2015, 13:22	I'm On My Way	The Proclaimers		04e6f7d8-cbe4-3d0b-9131-cf39b5e2fc01	1303b976-b862-4f04-94fd-a8d444e06714	
27 Jun 2015, 13:05	Forever Young	The Proclaimers		7167ce14-2b64-44e3-a8b7-0dfbf7571b82	1303b976-b862-4f04-94fd-a8d444e06714	
27 Jun 2015, 12:02	Lady Luck	The Proclaimers		a44ba28b-3edf-3788-b145-21e2ddbd23ac	1303b976-b862-4f04-94fd-a8d444e06714	
27 Jun 2015, 09:16	Not Ever	The Proclaimers		18df1ca9-ae4b-3d39-85c4-c634115807ef	1303b976-b862-4f04-94fd-a8d444e06714	
27 Jun 2015, 09:15	Waiting For A Train	The Proclaimers		471098fc-8e16-3fdb-a334-fc9e8c538f59	1303b976-b862-4f04-94fd-a8d444e06714	
27 Apr 2017, 16:49	Parla Con Me	Eros Ramazzotti		0432a555-41d8-4f87-87e4-441879b9be12	3ab7295a-54ac-40e8-b1b2-3d110a143550	
27 Apr 2017, 05:19	Ci Parliamo Da Grandi	Eros Ramazzotti		911c1b20-1617-33b6-b227-7b28cef268ec	3ab7295a-54ac-40e8-b1b2-3d110a143550	
26 Oct 2015, 12:47	Without Those Songs	The Script		59ec2146-363b-49e7-bc9a-998605ef16f3	4c98aa1b-34eb-4336-987f-5e50aa059c00	
26 Oct 2015, 11:27	Kaleidoscope	The Script		0ce5d0fd-7a46-3135-bd55-101469984e6f	4c98aa1b-34eb-4336-987f-5e50aa059c00	
26 Oct 2015, 07:44	The Man Who Can't Be Moved	The Script		0f1a1384-9e56-3fad-b899-ead5e611d6bd	4c98aa1b-34eb-4336-987f-5e50aa059c00	
26 May 2014, 17:51	Clocks	Coldplay		01e9fcdf-37b0-4c93-9148-739322caebe7	cc197bad-dc9c-440d-a5b5-d52ba2e14234	
26 May 2014, 16:13	Life's for the Living	Passenger		2a277425-8614-349c-93df-045bf8fd9e91		
26 May 2014, 15:00	Things You've Never Done	Passenger		f19e843a-3baa-3c63-815d-cb221d13abf1		
26 Jun 2018, 22:47	Victim	Avenged Sevenfold		7286f631-ce4f-45c4-a71a-08aec9b18243	24e1b53c-3085-4581-8472-0b0088d2508c	
26 Feb 2018, 17:20	Fields Of Athenry	Scrum		a943f39f-00ea-3186-b7da-49653582f908	e00c8ad0-4a0e-4469-af08-9672685df8b1	
26 Apr 2014, 18:16	Everybody Laughed But You	Sting		09a8cde1-4f30-4dca-b7a8-fba24a10ecf7	7944ed53-2a58-4035-9b93-140a71e41c34	
25 Oct 2015, 11:53	We Never Change	Coldplay		04432155-8c7d-3beb-8e4b-64cf4844471e	cc197bad-dc9c-440d-a5b5-d52ba2e14234	
25 Oct 2014, 09:17	Needle On A Record	Athlete		1a42b69a-72e2-3a48-a26d-81b93b42bcf3	906cbb69-b793-463a-832d-b5bf850f01a2	
25 Oct 2014, 09:16	Better Run (Acoustic)	Good Charlotte			b267ca80-034e-4dc1-9ed4-ec45f1fed41d	
25 Nov 2015, 22:25	Merry Christmas Everybody	Noel Gallagher				
25 Nov 2015, 10:52	Everybody Needs Someone	The Enemy		957a3770-ba8f-4025-bb28-9037c4879cbd		
25 May 2017, 16:44	E Ancor Mi Chiedo	Eros Ramazzotti		275b570b-0f2d-3773-ae6f-1f2a6b9d5a11	3ab7295a-54ac-40e8-b1b2-3d110a143550	
25 May 2015, 20:39	Wilder Mind	Mumford & Sons		0db1f362-a33f-4708-b748-9429f642f21e	c44e9c22-ef82-4a77-9bcd-af6c958446d6	
25 May 2015, 20:39	Broad-Shouldered Beasts	Mumford & Sons		45f502ee-6eb9-447b-920c-b4c74ed1fa30	c44e9c22-ef82-4a77-9bcd-af6c958446d6	
25 May 2015, 15:04	Winter Winds	Mumford & Sons		005dcbfc-a2d0-304f-bf83-67e81f8460db	c44e9c22-ef82-4a77-9bcd-af6c958446d6	
25 May 2014, 20:42	True Love	Coldplay		05f02cf4-c84d-4237-868c-2ef21b42d169	cc197bad-dc9c-440d-a5b5-d52ba2e14234	
25 May 2014, 20:42	For You	Passenger		459bf948-e0f7-3900-8adc-250d778dee05		
25 May 2014, 20:42	Another's Arms	Coldplay		08155e38-c270-4878-895d-595019b161d1	cc197bad-dc9c-440d-a5b5-d52ba2e14234	
25 May 2014, 18:43	Wicked Man's Rest	Passenger		0b0948c6-be22-34a6-a6e7-275b2699c65a		
25 Mar 2017, 21:28	Boulavogue	The Dubliners		05f44553-4427-4cb6-8b2e-46556c76b440	d201e6c0-103d-4a9a-9969-909bd421ddad	
25 Mar 2015, 14:15	Someday You Will Be Loved	Death Cab for Cutie		19f92d0e-8a4f-3caf-a309-e1054be5b2be	0039c7ae-e1a7-4a7d-9b49-0cbc716821a6	
25 Mar 2015, 13:30	I Will Follow You Into The Dark	Death Cab for Cutie		05ea95e1-1c21-34a5-af8d-fa65952fba8e	0039c7ae-e1a7-4a7d-9b49-0cbc716821a6	
25 Jun 2017, 08:42	The Foggy Dew	Ron Kavana		fc6d7af8-7dcf-41c7-9495-b1ebdb463ad3	c6a19f29-0f09-4fff-be06-cde9aab372f3	
25 Jun 2017, 08:42	Four green fields	The Alias Acoustic Band		1674d8b9-8100-3ffc-9357-579b4669be45		
25 Jan 2015, 20:57	Now and Then	The Proclaimers		3d4e32b9-07b6-3a4d-9b09-5095a57e2a94	1303b976-b862-4f04-94fd-a8d444e06714	
25 Jan 2015, 20:57	Harness Pain	The Proclaimers		3b34740f-f9c4-3a16-a5bf-f4d3bd4996d4	1303b976-b862-4f04-94fd-a8d444e06714	
25 Jan 2015, 20:57	Everyday I Try	The Proclaimers		37b9d0dd-cec7-3be0-8aff-d3ec0c6a48a7	1303b976-b862-4f04-94fd-a8d444e06714	
25 Jan 2015, 20:56	Love Can Move Mountains	The Proclaimers		533ccf4a-28f5-43d2-9e0f-41470ab7ccc7	1303b976-b862-4f04-94fd-a8d444e06714	
25 Jan 2015, 20:56	A Train Went Past The Window	The Proclaimers		0bdcb277-1296-419e-8c90-974350efa387	1303b976-b862-4f04-94fd-a8d444e06714	
25 Jan 2015, 20:46	Beautiful Truth	The Proclaimers		3701c00b-c451-33f6-bc48-cf9cf6412ca9	1303b976-b862-4f04-94fd-a8d444e06714	
25 Jan 2015, 20:40	The First Attack	The Proclaimers		35a44d6b-bd4b-4a5b-a17d-34b469fceada	1303b976-b862-4f04-94fd-a8d444e06714	
25 Jan 2015, 20:40	Letter from America [Acoustic Version]	The Proclaimers				
25 Apr 2014, 17:20	Have You Ever Loved a Woman?	Bryan Adams				
25 Apr 2014, 17:20	All For Love (With Rod Stewart And Sting)	Bryan Adams				
25 Apr 2014, 17:19	(Everything I Do) I Do It for You	Bryan Adams		029d36b7-a697-33f3-bfd7-e9f17b57e5cb	4dbf5678-7a31-406a-abbe-232f8ac2cd63	
25 Apr 2014, 08:12	When You Love Someone	Bryan Adams		22e25a5a-adee-3465-8e35-a291bdcddda7	4dbf5678-7a31-406a-abbe-232f8ac2cd63	
24 Oct 2014, 06:28	Sovereign Light Cafe	Keane				
24 Oct 2014, 06:27	Listen For The Rain	In Colour				
24 Oct 2014, 06:27	Black Rain	Keane		0c77a517-a535-4bf9-b38f-9fbd5e67c3f6	c7020c6d-cae9-4db3-92a7-e5c561cbad50	
24 Nov 2015, 23:09	Love Rescue Me	U2		005ccb63-065a-4a87-945a-b1fb9d585a23	a3cb23fc-acd3-4ce0-8f36-1e5aa6a18432	
24 Nov 2015, 22:31	Helter Skelter	U2		000acb0d-8618-34e6-add5-71f79b404521	a3cb23fc-acd3-4ce0-8f36-1e5aa6a18432	
24 Nov 2015, 17:41	City of Blinding Lights	U2		02aeec9f-68df-3e51-a066-b48b3f310190	a3cb23fc-acd3-4ce0-8f36-1e5aa6a18432	
24 Nov 2015, 17:31	Sometimes You Can't Make It On Your Own	U2		007913d8-fa4e-3169-b34f-6378d7071119	a3cb23fc-acd3-4ce0-8f36-1e5aa6a18432	
24 Nov 2015, 17:27	Miracle Drug	U2		01cdcc3a-2ffa-376f-a8b9-2bdc7061f5d4	a3cb23fc-acd3-4ce0-8f36-1e5aa6a18432	
24 Nov 2015, 15:26	Pride (in the Name of Love)	U2		009c7f2f-2ae8-32e2-9663-7d62ff4aca54	a3cb23fc-acd3-4ce0-8f36-1e5aa6a18432	
24 Nov 2015, 15:17	Staring at the Sun	U2		00cf643e-a809-3e82-867e-d04939f7872d	a3cb23fc-acd3-4ce0-8f36-1e5aa6a18432	
24 Nov 2015, 15:14	Wake Up Dead Man	U2		00296cdf-4b04-3135-9afc-7757ba0f6d9a	a3cb23fc-acd3-4ce0-8f36-1e5aa6a18432	
24 Nov 2015, 14:45	Tryin' to Throw Your Arms Around the World	U2		08b6b2d2-b272-4410-a35a-cdbbb3c79175	a3cb23fc-acd3-4ce0-8f36-1e5aa6a18432	
24 Nov 2015, 14:38	So Cruel	U2		010bf3b0-3c8c-4474-ace1-5b250a57ae1f	a3cb23fc-acd3-4ce0-8f36-1e5aa6a18432	
24 Nov 2015, 09:04	Come Down	White Lies		2ee92612-a70c-4d3a-88ab-ee63c5d8c7ce	5bdb38bd-5c5b-4d0f-8901-8bbe1d7062d8	
24 May 2015, 18:58	The Wind that Shakes the Barley	The Alias Acoustic Band		173938b0-f40c-314a-8a42-46b9d454283b		
24 Mar 2018, 22:56	Where Would We Be Now	Good Charlotte		031c21c6-c3f1-3d03-9654-137c95a1cc15	b267ca80-034e-4dc1-9ed4-ec45f1fed41d	
24 Jun 2017, 11:31	The Wanderlust	Flogging Molly		18fff1a1-d0ca-38af-999b-61b4561e51e4	c3694ddc-f7e5-40dd-9fad-90d11a2c50fa	
24 Jul 2017, 20:31	Whistles the Wind	Flogging Molly		0a824e30-64f6-3fdd-aa47-3c53ef893a50	c3694ddc-f7e5-40dd-9fad-90d11a2c50fa	
24 Apr 2017, 21:28	Per Me Per Sempre	Eros Ramazzotti		0cd20760-ff9f-39c8-9967-16994f1e89a8	3ab7295a-54ac-40e8-b1b2-3d110a143550	
24 Apr 2015, 08:00	Lovers' Eyes	Mumford & Sons		02ad4b13-407c-348c-a9b7-cddcaed77bb3	c44e9c22-ef82-4a77-9bcd-af6c958446d6	
23 Sep 2014, 07:14	Iris (Hold Me Close)	U2		2216c0e7-06ad-4854-bc3f-f25944628fcb	a3cb23fc-acd3-4ce0-8f36-1e5aa6a18432	
23 Sep 2014, 07:14	Every Breaking Wave	U2		0f718ee3-8fc3-4d81-b68d-a2e765d01d62	a3cb23fc-acd3-4ce0-8f36-1e5aa6a18432	
23 Oct 2015, 15:52	Lifening	Snow Patrol		3120970a-aeba-358d-8c83-acb3d8b723b0	a66999a7-ae5c-460e-ba94-1a01143ae847	
23 Nov 2016, 22:12	Mamma	Il Volo		245da1e0-b88c-4d13-b822-7a13f9f1c30e	0bf8b6a0-8ae4-42f7-ba7a-d66d343c73da	
23 Nov 2016, 22:11	Notte Stellata (The Swan)	Il Volo		0b04bb90-3e00-3d78-876d-233681a4c193	0bf8b6a0-8ae4-42f7-ba7a-d66d343c73da	
23 Nov 2016, 22:11	Il Cammino	Eros Ramazzotti		2a5c0835-ff42-48ca-849a-3ee707795c9c	3ab7295a-54ac-40e8-b1b2-3d110a143550	
23 Nov 2016, 22:11	Aspettero'	Il Volo			0bf8b6a0-8ae4-42f7-ba7a-d66d343c73da	
23 Nov 2015, 20:52	Animations	Athlete		e2d1830d-d83b-32cc-8f8b-868af57a2a7f	906cbb69-b793-463a-832d-b5bf850f01a2	
23 Nov 2015, 17:23	What This World Is Coming To	Nate Ruess			a049a513-f794-4b8d-8c3a-f106cfd22841	
23 Nov 2015, 09:31	A Different Room	Travis		25389b97-fa54-477f-9455-2b2c5f7d01b7	22a40b75-affc-4e69-8884-266d087e4751	
23 Nov 2014, 06:45	Myth	Keane		1cf3918b-b9e7-435a-89f0-c9cee5c10c52	c7020c6d-cae9-4db3-92a7-e5c561cbad50	
23 Nov 2014, 06:33	We Might as Well Be Strangers	Keane		08496fce-8f54-319b-bec0-24e9fb61aae0	c7020c6d-cae9-4db3-92a7-e5c561cbad50	
23 Nov 2014, 06:33	Difficult Child	Keane		0ca7ed6f-4bda-48da-932e-e87e47ac2a1f	c7020c6d-cae9-4db3-92a7-e5c561cbad50	
23 May 2017, 09:24	Il Tempo Tra Di Noi	Eros Ramazzotti		050baab4-8fe1-3573-bcae-df76d3f2b4c1	3ab7295a-54ac-40e8-b1b2-3d110a143550	
23 May 2015, 16:05	White as Snow	U2		069a5c1e-6811-490c-a83a-8e4faf0f6755	a3cb23fc-acd3-4ce0-8f36-1e5aa6a18432	
23 May 2015, 15:36	Moment of Surrender	U2		11beb8d7-2e93-3a83-b0d4-45a65dfddac5	a3cb23fc-acd3-4ce0-8f36-1e5aa6a18432	
23 Jun 2014, 07:10	I Miss You Now	Stereophonics		036d24ab-e14c-3ba4-ac36-1b34bfe47f7b	0bfba3d3-6a04-4779-bb0a-df07df5b0558	
23 Aug 2017, 22:26	Never Forget	Dropkick Murphys		15004819-d816-32aa-ac6a-2fc424970464	e8374874-4178-4869-b92e-fef6bf30dc04	
23 Apr 2014, 07:03	Please Forgive Me	Bryan Adams		0860a6de-67b9-32a7-a6c9-fc9c6a38432c	4dbf5678-7a31-406a-abbe-232f8ac2cd63	
23 Apr 2014, 07:03	Fields of Gold	Sting		00f6834e-f315-327f-a5ef-72042c43e412	7944ed53-2a58-4035-9b93-140a71e41c34	
23 Apr 2014, 07:02	Let's Make a Night to Remember	Bryan Adams		004596dc-d345-3679-896f-25e2d8eacba8	4dbf5678-7a31-406a-abbe-232f8ac2cd63	
22 Oct 2015, 15:05	(It's Hard) Letting You Go	Bon Jovi		29c2edec-3e2a-3093-b3f9-cb3f84111d55	5dcdb5eb-cb72-4e6e-9e63-b7bace604965	
22 Oct 2015, 14:51	Blind Love	Bon Jovi		1c36c275-263d-4d2f-bcdb-c9e2edabcae6	5dcdb5eb-cb72-4e6e-9e63-b7bace604965	
22 Oct 2015, 13:10	Every Beat Of My Heart	Bon Jovi		12177875-d4a4-3267-9904-c87ff34e37d5	5dcdb5eb-cb72-4e6e-9e63-b7bace604965	
22 Oct 2014, 16:10	A Pile of Good Things	Doctor Who				
22 Oct 2014, 13:50	Paint the Town Green	The Script		1d479aed-56ad-4517-bdfe-d527e1c745b7	4c98aa1b-34eb-4336-987f-5e50aa059c00	
22 Oct 2014, 12:58	Army of Angels	The Script		2c5e1b52-a571-4d2c-8ddc-f3178218a190	4c98aa1b-34eb-4336-987f-5e50aa059c00	
22 Nov 2016, 17:31	Solo Ieri	Eros Ramazzotti		15c73eec-89e7-32f7-9fc1-a4e7f8261c55	3ab7295a-54ac-40e8-b1b2-3d110a143550	
22 May 2017, 16:01	Un angelo non è	Eros Ramazzotti				
22 May 2015, 21:40	All I Want Is You	U2		00e6ed64-1215-38bd-a0ed-2c0444d5b001	a3cb23fc-acd3-4ce0-8f36-1e5aa6a18432	
22 Mar 2017, 15:19	Between The Bars (Acoustic)	Good Charlotte			b267ca80-034e-4dc1-9ed4-ec45f1fed41d	
22 Mar 2017, 15:18	Talk Tonight	Oasis		03ad4b7d-0f6b-30f8-a562-9c55c99e4f3e		
22 Jun 2017, 12:21	Rusted From the Rain	Billy Talent		008f55a7-145b-396c-a6ee-586da28d9aa8	fd429857-5ace-4609-ae54-1502c3bdac11	
22 Jul 2017, 11:44	400 Miles Away	The Rumjacks		486c1a71-60c5-4be8-bea7-4bb018d28df1	aac8a458-8709-4d6b-964c-19fd9b2d7552	
22 Jul 2017, 11:42	Home Again	Bryan Adams		117642c8-67f4-341a-93bf-74852e6e882a	4dbf5678-7a31-406a-abbe-232f8ac2cd63	
22 Jan 2018, 15:55	Back Home In Derry	Christy Moore		55d5de06-a8d1-392c-bb59-6f96663a8d3b	f931ccfa-5c64-4bee-94c0-32fb1a6876c3	
22 Jan 2017, 23:29	Bridge over Troubled Water	Simon & Garfunkel		01ce8e5a-f5a2-3be4-b523-f9fd5d0def04	5d02f264-e225-41ff-83f7-d9b1f0b1874a	
22 Jan 2017, 23:28	The Sound of Silence	Simon & Garfunkel		016bd082-edeb-34a0-880d-582a4700bb40	5d02f264-e225-41ff-83f7-d9b1f0b1874a	
22 Jan 2015, 20:17	Sing All Our Cares Away	The Proclaimers		bbd40e03-0c5e-36b7-8c0b-2dd0150a2c29	1303b976-b862-4f04-94fd-a8d444e06714	
22 Jan 2015, 20:17	Shadows Fall	The Proclaimers		84fd851b-8eda-35ec-a484-6f66fc45de3f	1303b976-b862-4f04-94fd-a8d444e06714	
22 Jan 2015, 20:17	Like A Flame	The Proclaimers		81d32e7d-341b-3a4b-9d77-04e98b450a68	1303b976-b862-4f04-94fd-a8d444e06714	
22 Jan 2015, 13:16	Letter from America (Band Version)	The Proclaimers		0473c783-7ecc-3986-80df-52471eb7f789	1303b976-b862-4f04-94fd-a8d444e06714	
22 Jan 2015, 11:07	There's	The Proclaimers		142dd349-d29d-422f-b747-3a07c3e1ee85	1303b976-b862-4f04-94fd-a8d444e06714	
22 Feb 2017, 13:13	Little Rain (For Clyde)	Tom Waits			c3aeb863-7b26-4388-94e8-5a240f2be21b	
22 Aug 2014, 20:35	Meter & Verse	Young Guns		4ae30da7-dba8-35f5-a82b-e1ff12fbaf16	40a10c54-06a1-46ad-9161-53e989c4ca95	
22 Apr 2015, 10:51	You've Haunted Me All My Life	Death Cab for Cutie		134a4791-fae1-4674-8d86-05bdac22616a	0039c7ae-e1a7-4a7d-9b49-0cbc716821a6	
22 Apr 2015, 10:50	Reminder	Mumford & Sons		02c57c68-ef51-3ec6-bd1a-44b167d22582	c44e9c22-ef82-4a77-9bcd-af6c958446d6	
22 Apr 2015, 10:50	Ghosts That We Knew	Mumford & Sons		06e5de2d-f150-33d8-a2a0-0653a0e6e289	c44e9c22-ef82-4a77-9bcd-af6c958446d6	
21 Oct 2017, 09:23	Seize the Day	Avenged Sevenfold		211dbddf-0f8c-37bf-8052-9b7113ba59cc	24e1b53c-3085-4581-8472-0b0088d2508c	
21 Oct 2015, 15:57	Strangeland	Keane		354c4f0c-c4bd-3ced-b460-60d4739437a5	c7020c6d-cae9-4db3-92a7-e5c561cbad50	
21 Nov 2016, 17:48	Quando l'amore diventa poesia	Il Volo			0bf8b6a0-8ae4-42f7-ba7a-d66d343c73da	
21 Nov 2016, 17:48	Il canto (Featuring Placido Domingo)	Il Volo				
21 Nov 2016, 17:48	Grande Amore	Il Volo		4125289a-a846-43df-b4e2-860e8a7ece3e	0bf8b6a0-8ae4-42f7-ba7a-d66d343c73da	
21 Nov 2016, 17:48	E Più Ti Penso	Il Volo		32aff469-33f3-3f21-bc4a-974b7bbfb021	0bf8b6a0-8ae4-42f7-ba7a-d66d343c73da	
21 Nov 2016, 17:47	È La Mia Vita	Il Volo		13ed2f7f-20b9-4bfa-8b8d-765551047bf5	0bf8b6a0-8ae4-42f7-ba7a-d66d343c73da	
21 Nov 2016, 17:47	Per Te	Il Volo		0bc9ddab-95ae-3309-b119-9dad7a518cd3	0bf8b6a0-8ae4-42f7-ba7a-d66d343c73da	
21 Nov 2016, 17:47	Caruso	Il Volo		fc9742f6-b795-47a2-9653-b1ff2489cfb8	0bf8b6a0-8ae4-42f7-ba7a-d66d343c73da	
21 Nov 2016, 17:47	Canzone per te	Il Volo			0bf8b6a0-8ae4-42f7-ba7a-d66d343c73da	
21 May 2018, 07:33	Kitty	The Pogues		192dc254-ac6c-345f-9cfe-ecf3c6a2c923	d41a6875-b626-4c0f-89a1-aecb643d29ff	
21 Mar 2015, 21:08	You Build Me Up	The Proclaimers				
21 Jun 2014, 14:45	In Spite of All the Danger	The Nowhere Boys		0507740d-9abf-33a5-8dbc-92ed24263fbd		
21 Jun 2014, 14:45	Hello Little Girl	Aaron Johnson		fe1d3390-a702-37d3-8890-7e27f218f605	6554ffb4-fa5a-4e46-9c03-53b04704cfd9	
21 Jan 2015, 22:45	Dance With Me	The Proclaimers		53e52041-4191-32e6-94b4-2276f68f5529	1303b976-b862-4f04-94fd-a8d444e06714	
21 Jan 2015, 22:19	After You’re Gone	The Proclaimers		0e7a5f14-3907-3d79-90d3-f9b3be5dedfb	1303b976-b862-4f04-94fd-a8d444e06714	
21 Jan 2015, 21:57	On Causewayside	The Proclaimers		0b2d2f6e-d75a-3768-940c-10e8637879b5	1303b976-b862-4f04-94fd-a8d444e06714	
21 Jan 2015, 21:57	Ghost Of Love	The Proclaimers		02900c08-3bbe-3395-89b3-900ffcde6c52	1303b976-b862-4f04-94fd-a8d444e06714	
21 Jan 2015, 21:57	Act of Remembrance	The Proclaimers		0affce12-8b08-4af0-9fe3-1080d032afc2	1303b976-b862-4f04-94fd-a8d444e06714	
21 Jan 2015, 15:37	In Your World	Muse		0bbd3e57-2419-4b2d-b20f-b881cb799ddc	9c9f1380-2516-4fc9-a3e6-f9f61941d090	
21 Jan 2015, 15:37	Dead Star	Muse		0034a85b-5cbf-4b74-befb-306d9d100a86	9c9f1380-2516-4fc9-a3e6-f9f61941d090	
21 Jan 2015, 15:37	Can't Take My Eyes Off You	Muse		061a83d2-4936-4cc2-8609-7dc127079800	9c9f1380-2516-4fc9-a3e6-f9f61941d090	
21 Jan 2015, 13:24	My Old Friend the Blues	The Proclaimers		10ac434c-b253-3862-b8c6-9928bdbd23de	1303b976-b862-4f04-94fd-a8d444e06714	
21 Feb 2018, 22:41	Ready to Fall	Rise Against		02316598-dd7c-3b0a-8c30-d9dd4c9f15e1	606bf117-494f-4864-891f-09d63ff6aa4b	
21 Feb 2015, 20:09	Your Childhood	The Proclaimers		093402ba-727d-395d-b558-2ae55c050119	1303b976-b862-4f04-94fd-a8d444e06714	
21 Feb 2015, 20:09	That's When He Told Her	The Proclaimers		804f260e-51cd-4e9a-89c6-3beddd88c4f7	1303b976-b862-4f04-94fd-a8d444e06714	
21 Feb 2015, 20:09	One Too Many	The Proclaimers		054cac23-e6de-4528-86dc-9ec6ea65c2b9	1303b976-b862-4f04-94fd-a8d444e06714	
21 Feb 2015, 20:09	Invitation To The Blues	The Proclaimers		cd619f99-a4ca-4ca6-8c27-6e0c240f1f3e	1303b976-b862-4f04-94fd-a8d444e06714	
21 Feb 2015, 20:09	Gentle On My Mind	The Proclaimers		2935c342-33c9-3e16-a294-8d3c164c6776	1303b976-b862-4f04-94fd-a8d444e06714	
21 Feb 2015, 20:09	A Long Long Long Time Ago	The Proclaimers		41e1d9c6-93c8-360c-8596-e33a6bb730ab	1303b976-b862-4f04-94fd-a8d444e06714	
21 Feb 2015, 20:08	There's a Touch	The Proclaimers		06325f11-d69b-351e-99e1-6cc4de356a79	1303b976-b862-4f04-94fd-a8d444e06714	
20 Oct 2015, 21:29	MLK	U2		0117b02f-94ec-360d-883b-295d0b294505	a3cb23fc-acd3-4ce0-8f36-1e5aa6a18432	
20 Nov 2016, 14:49	Adesso tu	Eros Ramazzotti		05e003ad-d082-4035-b354-43bab4d37d19	3ab7295a-54ac-40e8-b1b2-3d110a143550	
20 Nov 2015, 10:14	Follow Me	Muse		0a36ef9e-a6b8-37a7-a4de-2e7d647f1e00	9c9f1380-2516-4fc9-a3e6-f9f61941d090	
20 Mar 2017, 22:26	The Fields Of Athenry	The Dubliners		1fbdedca-1456-3efe-b20d-06bd62ea689c	d201e6c0-103d-4a9a-9969-909bd421ddad	
20 Mar 2017, 19:15	Stitches	Young Guns		136dad53-a7ff-35fc-999e-680328e15b60	40a10c54-06a1-46ad-9161-53e989c4ca95	
20 Jun 2017, 18:22	Roman Sky	Avenged Sevenfold		18495932-cff7-407a-a136-c4c3536feb6f	24e1b53c-3085-4581-8472-0b0088d2508c	
20 Jun 2017, 07:36	Fairytale of New York	The Pogues		008b24da-1a24-3c0b-b23d-b8756ad4c8d0	d41a6875-b626-4c0f-89a1-aecb643d29ff	
20 Feb 2017, 14:27	Knockin' on Heaven's Door	Bob Dylan		02bf300b-8f53-397a-89c3-2245e1cd79c7	72c536dc-7137-4477-a521-567eeb840fa8	
20 Aug 2015, 23:00	Danny Boy	Johnny Cash		0eaad1f7-7e5e-39b2-8b6d-657b2a5ae1b8		
20 Apr 2017, 13:23	Oh My Heart	R.E.M.		00f57fb2-dcc7-4a6a-a094-75b72b4c0982	3c753fb5-67a6-48d0-9c39-011149278a0f	
20 Apr 2015, 07:53	Sing for Absolution	Muse		0353cdba-f0ef-4f2d-9623-cac16b66cd87	9c9f1380-2516-4fc9-a3e6-f9f61941d090	
19 Oct 2017, 08:55	The Messenger	Linkin Park		0a05dd1c-f0cd-44ed-b3ad-71b97ba88835	f59c5520-5f46-4d2c-b2c4-822eabf53419	
19 Oct 2015, 10:21	"40"	U2		03b360ce-0af0-3d60-a636-82a3e39945fd	a3cb23fc-acd3-4ce0-8f36-1e5aa6a18432	
19 Oct 2014, 13:40	Romeo and Juliet	The Killers		1919ced3-f130-34f6-b8da-420be9864027	95e1ead9-4d31-4808-a7ac-32c3614c116b	
19 Oct 2014, 13:40	Read My Mind	The Killers		02c9e8f7-0514-4f10-b86c-e2b1d6125558	95e1ead9-4d31-4808-a7ac-32c3614c116b	
19 Oct 2014, 13:40	Human	The Killers		00e4dd83-eeff-4b7e-b56c-4480c931673b	95e1ead9-4d31-4808-a7ac-32c3614c116b	
19 Oct 2014, 13:40	Boots	The Killers		3aea3b13-ba9b-3061-9e5b-82b3650afd8b	95e1ead9-4d31-4808-a7ac-32c3614c116b	
19 Nov 2016, 23:49	Sei Un Pensiero Speciale	Eros Ramazzotti		a4ac9439-8558-459b-b743-597068c37974	3ab7295a-54ac-40e8-b1b2-3d110a143550	
19 Nov 2016, 22:53	Cosi (feat. Il Volo)	Eros Ramazzotti				
19 Nov 2016, 22:37	Un' Emozione Per Sempre	Eros Ramazzotti			3ab7295a-54ac-40e8-b1b2-3d110a143550	
19 Nov 2016, 22:37	Controvento	Eros Ramazzotti		0ff942bc-f839-485f-81f4-e9091af26542	3ab7295a-54ac-40e8-b1b2-3d110a143550	
19 Nov 2014, 11:42	One	U2		00050096-ddb5-46c8-822f-235b3e25d0a9	a3cb23fc-acd3-4ce0-8f36-1e5aa6a18432	
19 May 2014, 14:36	Heaven Knows	Rise Against		09bf236e-3df3-336d-9dfd-bd3ad7da36f9	606bf117-494f-4864-891f-09d63ff6aa4b	
19 May 2014, 14:30	Swing Life Away	Rise Against		227a5337-4615-393b-b03e-50462f718591	606bf117-494f-4864-891f-09d63ff6aa4b	
19 May 2014, 14:30	Paper Wings	Rise Against		154667ac-bead-32c1-9b9b-2337341d2b84	606bf117-494f-4864-891f-09d63ff6aa4b	
19 May 2014, 14:30	Give Me Novacaine	Green Day		08fda1b6-ee12-33d7-ba6b-b848751fe726	084308bd-1654-436f-ba03-df6697104e19	
19 May 2014, 14:30	Dancing for Rain	Rise Against		1abc0227-8cc2-3317-b99e-1049310940bf	606bf117-494f-4864-891f-09d63ff6aa4b	
19 May 2014, 14:30	Boulevard of Broken Dreams	Green Day		03461c8e-e29e-38e8-b663-58fb4275ef0e	084308bd-1654-436f-ba03-df6697104e19	
19 Mar 2017, 16:41	Home	The Rumjacks		3977ad0d-c44c-4720-9063-d7dceb6b8854	aac8a458-8709-4d6b-964c-19fd9b2d7552	
19 Jun 2015, 20:59	White Shadows	Coldplay		09eec612-cfe5-3c82-9f78-cd7b22f54fc9	cc197bad-dc9c-440d-a5b5-d52ba2e14234	
19 Jun 2015, 17:36	Everything's Not Lost	Coldplay		0604b958-13e2-3ea8-bf82-9b77167984aa	cc197bad-dc9c-440d-a5b5-d52ba2e14234	
19 Jan 2018, 00:40	The Voyage	Christy Moore		055066e6-6bf8-39b2-b3d3-08595f4fa0e9	f931ccfa-5c64-4bee-94c0-32fb1a6876c3	
19 Dec 2014, 11:42	Everybody Dreams	Doctor Who				
19 Aug 2017, 21:56	Home	Passenger		0749c93f-c695-4460-870f-30722e8c2ace		
18 Sep 2014, 09:32	Song for Someone	U2		223f168f-9b4d-4605-94d1-70d7be1d3cb8	a3cb23fc-acd3-4ce0-8f36-1e5aa6a18432	
18 Nov 2015, 18:27	Three More Days	The Proclaimers		6f3a6c3b-66ff-32e9-90af-441d855cb793	1303b976-b862-4f04-94fd-a8d444e06714	
18 Nov 2014, 22:04	Anybody There	The Script		1874d8ae-2163-3330-b8ac-257a0e3d88f5	4c98aa1b-34eb-4336-987f-5e50aa059c00	
18 May 2015, 13:25	Below My Feet	Mumford & Sons		08fade66-799a-361c-9e62-4b19e45b82da	c44e9c22-ef82-4a77-9bcd-af6c958446d6	
18 May 2014, 20:34	Never Too Late	Three Days Grace		2ac2fefc-83f0-4441-9f0d-4bad4d317fa8	fabb37f8-eb2a-4cc1-a72a-b56935bbb72d	
18 Jan 2015, 13:44	Time Is Running Out	Muse		00a9c969-b3ed-4b4b-a837-7ba9faa4070c	9c9f1380-2516-4fc9-a3e6-f9f61941d090	
18 Jan 2015, 13:44	Never Be The Same	One Night Only		cae8ab5d-8ca5-327e-adb9-02912fc63128	4e728a02-5bcd-426b-abe2-5537c921756d	
18 Jan 2015, 13:44	Just For Tonight	One Night Only		008cf5a4-f34a-4bef-8a49-0205ad9077e9	4e728a02-5bcd-426b-abe2-5537c921756d	
18 Jan 2015, 13:44	Invincible	Muse		0147115e-2d01-38b7-9166-a02b5514afa8	9c9f1380-2516-4fc9-a3e6-f9f61941d090	
18 Jan 2015, 13:44	Guiding Light	Muse		0a47dd09-5e0a-44b6-9a4d-7ad6f9eb452d	9c9f1380-2516-4fc9-a3e6-f9f61941d090	
17 Oct 2015, 16:19	No. 1 Party Anthem	Arctic Monkeys		0ca3afb6-0bd5-4d65-b976-98e74ff3fdb0	ada7a83c-e3e1-40f1-93f9-3e73dbc9298a	
17 May 2015, 23:53	Everlasting Love	U2		0977acef-20fe-36ba-9193-cfd6d437567b	a3cb23fc-acd3-4ce0-8f36-1e5aa6a18432	
17 Jul 2018, 17:26	Thank You For Loving Me	Bon Jovi		01f87b9b-c71a-453a-b533-7a2d82ff79ce	5dcdb5eb-cb72-4e6e-9e63-b7bace604965	
17 Feb 2017, 17:58	The Good Left Undone	Rise Against		0a6fd3cd-28f9-4c3b-99a6-0e88effe9828	606bf117-494f-4864-891f-09d63ff6aa4b	
17 Feb 2017, 16:03	The Dirt Whispered	Rise Against		02867fea-b1cf-4a58-91ff-d56bc889b6e5	606bf117-494f-4864-891f-09d63ff6aa4b	
17 Aug 2018, 11:37	9 Crimes	Damien Rice		05505659-1d1d-3858-b933-477b9f9c1954	2119beb8-6ac5-4f21-82a4-b831c90c0024	
17 Apr 2015, 21:23	Roses	Kaiser Chiefs		0e0e848e-f484-492f-ae09-92ed1ba981ea	90218af4-4d58-4821-8d41-2ee295ebbe21	
17 Apr 2015, 20:43	Ruby	Kaiser Chiefs		0318deaf-aebf-37fe-9a99-49839056b588	90218af4-4d58-4821-8d41-2ee295ebbe21	
17 Apr 2015, 20:43	Coming Home	Kaiser Chiefs		1a8de542-0008-4d36-a5b7-d058d4876148	90218af4-4d58-4821-8d41-2ee295ebbe21	
17 Apr 2015, 05:21	Indian Summer	Stereophonics		0316beb8-371d-4233-8452-7516e2c55e74	0bfba3d3-6a04-4779-bb0a-df07df5b0558	
16 Oct 2015, 17:16	The Hands That Built America (Theme From 'Gangs Of New York')	U2		3c74defa-8a65-41d0-acab-c9ea922c8873	a3cb23fc-acd3-4ce0-8f36-1e5aa6a18432	
16 Oct 2015, 14:04	The First Time	U2		02f87497-aaaa-4e77-8a37-6c70c82ccea4	a3cb23fc-acd3-4ce0-8f36-1e5aa6a18432	
16 Oct 2015, 10:43	I Still Haven't Found What I'm Looking For	U2		019de657-fada-3501-820d-c73cc036725b	a3cb23fc-acd3-4ce0-8f36-1e5aa6a18432	
16 Mar 2015, 16:30	You Meant It Then	The Proclaimers		b1919ff6-6755-3012-99ec-3d2cb73ed3bd	1303b976-b862-4f04-94fd-a8d444e06714	
16 Jun 2017, 20:24	I WIll Drive You Home	Bon Jovi		0e4dc802-b0d7-4f11-803c-6e34df0af7bc	5dcdb5eb-cb72-4e6e-9e63-b7bace604965	
16 Jun 2015, 20:37	Moment	Nate Ruess		20a9c612-e2a9-4051-91f7-3e4a17cacb16	a049a513-f794-4b8d-8c3a-f106cfd22841	
16 Jun 2015, 16:12	Where Are You Now	Mumford & Sons			c44e9c22-ef82-4a77-9bcd-af6c958446d6	
16 Jun 2015, 16:12	Not with Haste	Mumford & Sons		5e63e5f6-7785-34f3-9863-390b91517bb3	c44e9c22-ef82-4a77-9bcd-af6c958446d6	
16 Feb 2017, 15:33	Them Fallen	The Rumjacks		7b756d06-a0da-4c37-9044-fabffa8d1c07	aac8a458-8709-4d6b-964c-19fd9b2d7552	
16 Aug 2018, 11:16	Tears and Rain	James Blunt		076271d6-2004-48b6-b6e9-58406ef4df13	ebee61b4-bbdd-4087-9bcb-d5aa099088ec	
16 Aug 2018, 11:16	Hold on to Me	Hurts		12f4217e-fdd1-4b4a-8b30-bfc0e0fa1477		
16 Apr 2015, 13:04	No-one's Perfect	Stereophonics		13350675-ecfd-3ef2-a65c-60182be9f22c	0bfba3d3-6a04-4779-bb0a-df07df5b0558	
16 Apr 2015, 11:13	Tomorrow	U2		03a9e83d-716d-3228-aa71-970d3b2b7b28	a3cb23fc-acd3-4ce0-8f36-1e5aa6a18432	
15 Sep 2017, 12:02	Champagne Supernova	Oasis		008131b8-3459-4f94-8d13-8427b00210f0		
15 Sep 2017, 09:36	Live Forever	Oasis		00e3f429-3cbc-330f-8cfd-ea840dfd2bfc		
15 Sep 2017, 08:05	Hang Down Your Head	Tom Waits		00292ff6-25cf-3dd4-8965-a7becca8e4b7	c3aeb863-7b26-4388-94e8-5a240f2be21b	
15 Oct 2017, 12:54	Going Home	Runrig		047f178c-f8b2-3479-8c12-744be397919a	b55a7c9f-5a25-4a70-86ab-9dc07ff8dc10	
15 Oct 2015, 20:40	Wish	Hurts		517a58ad-2099-4cc6-bc32-485f64bc2740		
15 Oct 2014, 14:20	Wires	Athlete		035d7ad1-f403-3c16-af5a-3f6bef467c7b	906cbb69-b793-463a-832d-b5bf850f01a2	
15 Mar 2017, 21:12	The foggy dew	The Alias Acoustic Band		03add11e-b139-302e-8389-0d766a58e7f5		
15 Mar 2017, 13:03	Grace	The Dubliners		24b8dfd7-8f8e-40b4-942c-7bffc985d590	d201e6c0-103d-4a9a-9969-909bd421ddad	
15 Feb 2017, 23:45	Far Away Boys	Flogging Molly		3191e498-d2e3-3228-887b-537da0a70e4a	c3694ddc-f7e5-40dd-9fad-90d11a2c50fa	
15 Feb 2017, 23:31	These Exiled Years	Flogging Molly		1ec01a7c-942c-395c-94cc-4970df835c58	c3694ddc-f7e5-40dd-9fad-90d11a2c50fa	
15 Dec 2017, 20:57	The Pirate's Bride	Sting		052d61b4-ea57-3612-97f4-add132e08513	7944ed53-2a58-4035-9b93-140a71e41c34	
15 Dec 2017, 20:57	Shape Of My Heart	Sting		03c735d7-5b4e-391e-8123-f2e791bfbee2	7944ed53-2a58-4035-9b93-140a71e41c34	
15 Dec 2017, 20:57	Ghost Story	Sting		09c362b3-2e2f-3006-9977-87d125744adc	7944ed53-2a58-4035-9b93-140a71e41c34	
15 Dec 2017, 20:51	You Only Cross My Mind In Winter	Sting		2bf74431-95c1-496d-8f62-48ca9ccae100	7944ed53-2a58-4035-9b93-140a71e41c34	
15 Dec 2017, 19:49	Every Breath You Take	Sting		006f1d7d-c604-3fb7-8a29-70e5e6fd6469	7944ed53-2a58-4035-9b93-140a71e41c34	
14 Nov 2018, 16:12	Switchblade	LP		4e7c7cbb-5e43-4343-a71e-87dc8ac085cb		
14 May 2015, 18:22	17	Kings of Leon		164f40c9-6815-3554-8618-414e989768d3	6ffb8ea9-2370-44d8-b678-e9237bbd347b	
14 May 2015, 16:01	On the Chin	Kings of Leon		0da853eb-ff85-416f-80a8-e8224a7e79ac	6ffb8ea9-2370-44d8-b678-e9237bbd347b	
14 Mar 2017, 12:10	Red Hill Mining Town	U2			a3cb23fc-acd3-4ce0-8f36-1e5aa6a18432	
14 Mar 2017, 09:27	Dirty Old Town	The Pogues		06a14ab5-ce5c-3b3a-9f5c-8c7cb483bba0	d41a6875-b626-4c0f-89a1-aecb643d29ff	
14 Jun 2018, 21:27	I'm a Man You Don't Meet Every Day	The Pogues		0c47b22c-8ee9-4cd1-ae2d-90e9e4712155	d41a6875-b626-4c0f-89a1-aecb643d29ff	
14 Jun 2018, 20:07	Transmetropolitan	The Pogues		0d6c2b79-4802-39c0-a5a7-b61597f7a6a0	d41a6875-b626-4c0f-89a1-aecb643d29ff	
14 Jun 2017, 19:07	If I Ever Leave This World Alive	Flogging Molly		3bc91685-34aa-3088-996b-ef95360bf8c5	c3694ddc-f7e5-40dd-9fad-90d11a2c50fa	
14 Feb 2017, 00:39	Forever	Dropkick Murphys		218413b5-53ac-428c-83f6-99f8941bd78d	e8374874-4178-4869-b92e-fef6bf30dc04	
14 Feb 2015, 12:06	Colder	Travis		1fe5e390-936f-3386-b2f6-b29a8e2377c4	22a40b75-affc-4e69-8884-266d087e4751	
14 Dec 2017, 11:28	Tougher Than The Rest	Bootstraps		2f54fc1a-0822-47a8-8199-ce76fa700d67	d9ea7714-c3aa-4a2e-9e0c-dbd1cd646970	
13 Sep 2017, 08:41	Wisconsin	Bon Iver		21af8955-0bd3-3650-b1a2-e80a91b786ac	437a0e49-c6ae-42f6-a6c1-84f25ed366bc	
13 Sep 2015, 12:38	Street Map	Athlete		0945ce1b-45b2-3c84-8e7c-9e745217f22d	906cbb69-b793-463a-832d-b5bf850f01a2	
13 Sep 2015, 12:09	Bring It On	Nick Cave & The Bad Seeds		18907224-982b-4124-9d7e-396e4ff60110	172e1f1a-504d-4488-b053-6344ba63e6d0	
13 Oct 2015, 22:07	Strangers	Passenger		11f47409-2666-4a42-bd5d-713ffa258707		
13 Oct 2015, 22:03	The Way That I Need You	Passenger		3e5801b0-d4f2-4e52-ab0e-3ef7f3fc8e69		
13 Oct 2015, 21:36	Walk In The Rain	Passenger		5e7091fe-e1ef-3d2d-a05e-82057252436f		
13 May 2014, 14:06	Same Size Feet	Stereophonics		0324f4d9-3d5a-4183-8c0c-9c93ad40cfcc	0bfba3d3-6a04-4779-bb0a-df07df5b0558	
13 May 2014, 14:06	Only the Young	Brandon Flowers		1937c84b-8284-43fb-8043-17bc5bab8b5c	5b9dc76b-8574-4cb5-9496-ab1bc0d35c29	
13 May 2014, 14:06	Hard Enough	Brandon Flowers		04b26089-26fd-3939-a424-833a9b00b59a	5b9dc76b-8574-4cb5-9496-ab1bc0d35c29	
13 May 2014, 14:06	Crossfire	Brandon Flowers		09b764bc-abbb-4fe4-b2f6-37aa47ad26b0	5b9dc76b-8574-4cb5-9496-ab1bc0d35c29	
13 May 2014, 12:51	Nobody's Hero	Bon Jovi		1763c9b7-e618-3114-8996-3bc8645feeb2	5dcdb5eb-cb72-4e6e-9e63-b7bace604965	
13 May 2014, 12:51	Drowning	Stereophonics		3cb9afa4-f128-3499-af11-aa484d33ca0b	0bfba3d3-6a04-4779-bb0a-df07df5b0558	
13 May 2014, 12:50	It Means Nothing	Stereophonics		0ddf8173-5cb3-3e21-a5b6-88aa115c694f	0bfba3d3-6a04-4779-bb0a-df07df5b0558	
13 Mar 2018, 12:22	A Rainy Night In Soho	The Pogues		06e9ffee-3916-4d0a-bb7a-25fa6b9238c0	d41a6875-b626-4c0f-89a1-aecb643d29ff	
13 Mar 2018, 09:52	The Hills In The Highlands	Scrum		cf3daa72-5e56-39c7-9f03-acdb89be271d	e00c8ad0-4a0e-4469-af08-9672685df8b1	
13 Jan 2017, 20:24	Where's My Love	SYML		3203da3d-d1ad-4e7d-829c-48d97df0cb1c	913b4704-05bf-4e53-b30a-f3bd244ea2ea	
13 Jan 2015, 21:54	I'm Gonna Be (500 Miles)	The Proclaimers		01837a37-e871-4371-ac22-d4ba6bd6aa17	1303b976-b862-4f04-94fd-a8d444e06714	
13 Jan 2015, 18:36	No Surprises	Radiohead		00fbb6fa-ae39-3577-9002-3382e9de2a5a	a74b1b7f-71a5-4011-9441-d0b5e4122711	
13 Jan 2015, 18:11	Let Down	Radiohead		00e537bf-28ac-316a-ad69-c46d2aa0ab94	a74b1b7f-71a5-4011-9441-d0b5e4122711	
13 Jan 2015, 18:11	Exit Music (for a Film)	Radiohead		0401fd33-5ebb-3f64-972f-8790bc2409c6	a74b1b7f-71a5-4011-9441-d0b5e4122711	
13 Feb 2017, 20:01	Until The Next Time	Dropkick Murphys		313ff26d-4ea4-4ba5-9906-e7e5548f0e68	e8374874-4178-4869-b92e-fef6bf30dc04	
13 Feb 2017, 13:11	Paying My Way	Dropkick Murphys		025251ec-cb77-49f3-8f2b-80f3eec710ad	e8374874-4178-4869-b92e-fef6bf30dc04	
13 Aug 2018, 14:14	You're Beautiful	James Blunt		092c099c-87da-31ec-b858-5bb0ee48f052	ebee61b4-bbdd-4087-9bcb-d5aa099088ec	
13 Aug 2018, 14:14	Same Mistake	James Blunt		02827853-4089-441a-a3bd-2cf770f8c2e5	ebee61b4-bbdd-4087-9bcb-d5aa099088ec	
13 Aug 2018, 14:14	Goodbye My Lover	James Blunt		011c37d2-d8c6-379c-a61a-1dda567368ad	ebee61b4-bbdd-4087-9bcb-d5aa099088ec	
13 Aug 2018, 14:14	Cry	James Blunt		0fa85a62-6129-3628-9d38-eaac4d25731c	ebee61b4-bbdd-4087-9bcb-d5aa099088ec	
13 Aug 2018, 12:08	Carry You Home	James Blunt			ebee61b4-bbdd-4087-9bcb-d5aa099088ec	
13 Aug 2014, 13:22	The Resistance	2Cellos		3e1538e2-d1df-448b-b150-166d606b95c8	c8e94c78-0e17-4d9a-b1f6-96e1b22ebe97	
12 Oct 2017, 10:52	The Catalyst	Linkin Park		03adc0b0-15d9-4813-8af1-20dae2b0a05a	f59c5520-5f46-4d2c-b2c4-822eabf53419	
12 Nov 2015, 18:02	Your Mother Should Know	The Beatles		02bb0e9a-97d5-44c0-9de7-0ba4bc5b8ad9	b10bbbfc-cf9e-42e0-be17-e2c3e1d2600d	
12 Nov 2015, 17:55	Strawberry Fields Forever	The Beatles		006e494e-e841-399b-a58f-5f51a9227497	b10bbbfc-cf9e-42e0-be17-e2c3e1d2600d	
12 Nov 2014, 11:02	Love Is the End	Keane		216b6724-11ca-4441-a609-14416fc90a33	c7020c6d-cae9-4db3-92a7-e5c561cbad50	
12 Jun 2017, 01:33	Soldier's Poem	Muse		0e4873ae-135a-3957-95cf-8f0e9d3cc257	9c9f1380-2516-4fc9-a3e6-f9f61941d090	
12 Jun 2014, 14:24	Walk Away	Green Day		4897b4ea-b9e6-428f-8f32-de28a1e8712c	084308bd-1654-436f-ba03-df6697104e19	
12 Feb 2017, 10:49	Within a Mile of Home	Flogging Molly		020598e2-7fbc-394d-b603-fee5994d974d	c3694ddc-f7e5-40dd-9fad-90d11a2c50fa	
12 Feb 2017, 09:09	The Son Never Shines (On Closed Doors)	Flogging Molly		22f04b9a-0ca5-3f47-91b2-c84aeee87fe8	c3694ddc-f7e5-40dd-9fad-90d11a2c50fa	
12 Dec 2015, 22:11	White Wine in the Sun	Tim Minchin		26e0f922-48f5-37f1-a434-a84b588b3bd7	2dc758d7-6776-45d1-b537-484249bd265e	
12 Aug 2018, 22:55	Magnificent	Hurts		0f36057b-8a86-490d-b7ad-488f32482f2e		
11 Oct 2018, 20:07	Love Is a Laserquest	Arctic Monkeys		107a681c-b9f9-4fc7-93ea-1c6f0d6e3284	ada7a83c-e3e1-40f1-93f9-3e73dbc9298a	
11 Oct 2018, 19:34	Cornerstone	Arctic Monkeys		07effc35-fb85-3a4e-9806-7e353eb8c9c5	ada7a83c-e3e1-40f1-93f9-3e73dbc9298a	
11 Oct 2018, 00:45	Pictures Of You	Bootstraps		ab368d0b-ccb0-410f-88f6-ea50a6065653	d9ea7714-c3aa-4a2e-9e0c-dbd1cd646970	
11 Oct 2018, 00:45	Heart's On Fire	Passenger		219ba266-51a1-46f7-8317-1c72ce192d92		
11 Oct 2018, 00:45	All of Me	John Legend		03b543e2-2515-4076-abe2-0ca931d678fc	75a72702-a5ef-4513-bca5-c5b944903546	
11 Oct 2014, 20:48	Brutal Love	Green Day		17f0787c-a41a-4966-8730-4b5c727d9a10	084308bd-1654-436f-ba03-df6697104e19	
11 Nov 2018, 16:48	Lost on You	LP		18f17de5-43a4-46a8-b819-7b483dede9d9		
11 Mar 2015, 12:26	Long Black Veil	The Proclaimers		02daafd4-6862-32de-9916-d61df06e63ac	1303b976-b862-4f04-94fd-a8d444e06714	
11 Mar 2015, 12:23	I'm Gonna Be	The Proclaimers		3087be5b-8d46-3f13-bd5d-5748719feb27	1303b976-b862-4f04-94fd-a8d444e06714	
11 Jun 2017, 23:25	Starlight	Muse		0361b53e-070d-4a19-9794-3c018e790bf9	9c9f1380-2516-4fc9-a3e6-f9f61941d090	
11 Feb 2018, 20:22	Blarney Roses	Fiddler's Green		15e0604a-ed95-4eb8-ba30-d9541b0ef34e	03eb47c4-61a5-4334-bf03-1efc1e75dfb3	
11 Dec 2017, 23:57	Fragile	Sting		00965a89-9939-3371-aa14-ec3c30cc998f	7944ed53-2a58-4035-9b93-140a71e41c34	
11 Dec 2016, 02:12	The Story So Far	Flogging Molly		15052d76-e35a-33ad-9dc9-1f309161bee4	c3694ddc-f7e5-40dd-9fad-90d11a2c50fa	
11 Apr 2015, 23:55	Twenty Four Hours	Athlete		28405216-1d21-4473-a204-aeedf9accfd0	906cbb69-b793-463a-832d-b5bf850f01a2	
10 Sep 2015, 21:25	Tonight	Kings of Leon		2a73844b-741d-4921-854b-bafb47917488	6ffb8ea9-2370-44d8-b678-e9237bbd347b	
10 Sep 2015, 21:00	Beautiful War	Kings of Leon		1260555b-ed4c-43e4-928d-890f2cc53c51	6ffb8ea9-2370-44d8-b678-e9237bbd347b	
10 Sep 2015, 20:21	Pickup Truck	Kings of Leon		09a413a7-e49f-47b5-9206-2ef1932d67f2	6ffb8ea9-2370-44d8-b678-e9237bbd347b	
10 Sep 2015, 20:06	Birthday	Kings of Leon		0289123c-27b2-36c4-a0bd-c75c68954c68	6ffb8ea9-2370-44d8-b678-e9237bbd347b	
10 Sep 2015, 19:47	Back Down South	Kings of Leon		0fd6ba9d-d254-49a9-ae1e-358a221d387a	6ffb8ea9-2370-44d8-b678-e9237bbd347b	
10 Sep 2015, 19:38	Mary	Kings of Leon		4d6e557a-7529-3a08-844e-8245ecaed02a	6ffb8ea9-2370-44d8-b678-e9237bbd347b	
10 Sep 2015, 19:35	Pyro	Kings of Leon		29f5089e-059b-340a-b7fe-7ddb12db7605	6ffb8ea9-2370-44d8-b678-e9237bbd347b	
10 Sep 2015, 17:54	Revelry	Kings of Leon		0556c1c7-f779-3a4b-be44-b2dfd6c530e0	6ffb8ea9-2370-44d8-b678-e9237bbd347b	
10 Oct 2017, 21:12	Shadow of the Day	Linkin Park		01be30ee-f6df-3de9-87e0-f50c9346055e	f59c5520-5f46-4d2c-b2c4-822eabf53419	
10 Oct 2017, 12:40	Iridescent	Linkin Park		10820a0f-29fb-4175-89f5-c0ecc3a00063	f59c5520-5f46-4d2c-b2c4-822eabf53419	
10 Oct 2017, 12:40	Castle of Glass	Linkin Park		06d0e256-0585-432a-8fa5-9243d3c8e799	f59c5520-5f46-4d2c-b2c4-822eabf53419	
10 Oct 2017, 12:39	Final Masquerade	Linkin Park		15c2f1b1-a489-4863-a126-021fe9b37d70	f59c5520-5f46-4d2c-b2c4-822eabf53419	
10 Oct 2017, 00:19	Leave Out All the Rest	Linkin Park		0699f017-1d0c-4446-8563-b92eae5ce5b4	f59c5520-5f46-4d2c-b2c4-822eabf53419	
10 Oct 2015, 09:16	Whispers	Passenger		33c00d38-80e5-4322-ba4e-143a7e654973		
10 Oct 2015, 07:14	Golden Leaves	Passenger		5faa4c68-ccd2-4462-a199-1b064121e8c9		
10 Nov 2017, 17:09	Ar éireann ní neosainn cé hí	The High Kings		bc25b630-43ce-3ba3-80e4-d87018e360d8		
10 Mar 2015, 16:03	Sunshine On Leith	The Proclaimers		0a55fd60-cc1b-30fb-8052-a5e1da3905f2	1303b976-b862-4f04-94fd-a8d444e06714	
10 Jun 2017, 09:53	The Approaching Curve	Rise Against		02dec932-9477-3cd0-a5fc-3fe12feab8eb	606bf117-494f-4864-891f-09d63ff6aa4b	
10 Feb 2015, 22:43	Flowers in the Window	Travis		064749ab-457c-3523-b85f-36ab783f1e2d	22a40b75-affc-4e69-8884-266d087e4751	
10 Feb 2015, 20:06	Turn	Travis		09999bc9-0950-31d2-b9f1-db00d56c29ef	22a40b75-affc-4e69-8884-266d087e4751	
10 Feb 2015, 15:01	Why Does It Always Rain on Me?	Travis		06d97369-2fbf-3956-b946-f8de468e10e4	22a40b75-affc-4e69-8884-266d087e4751	
10 Dec 2018, 03:27	Wetsuit	The Vaccines		00ef53da-cc69-3e7b-a168-ae706e1e7cd7	aa76ec08-45ab-4724-9411-d80b0e59ac59	
09 Sep 2018, 16:32	The Drugs Don't Work	The Verve		012f5c12-4cfb-3e16-9ee7-17ff5890da31	d4d17620-fd97-4574-92a8-a2cb7e72ce42	
09 Sep 2015, 13:59	La Fée Verte	Kasabian				
09 Sep 2015, 13:53	Goodbye Kiss	Kasabian		04ea79e4-5ac2-3072-9bee-29a6a58598f4	69b39eab-6577-46a4-a9f5-817839092033	
09 Sep 2015, 11:39	Camera	Editors		1c12e548-d01c-3906-827d-c3a5fab7435b	0efe858c-89e5-4e47-906a-356fa953fd6e	
09 Oct 2015, 09:07	Boolavogue	The Alias Acoustic Band		5c6d0f27-ea41-3354-ba0b-e99e20e440d3		
09 Mar 2017, 23:27	Four Winds	The Killers		2c53401d-0b7e-3539-97b9-7bab0d934022	95e1ead9-4d31-4808-a7ac-32c3614c116b	
09 Jun 2017, 19:26	A Minute Longer	Stereophonics		3bed08de-29de-3878-b221-9c3542e5296d	0bfba3d3-6a04-4779-bb0a-df07df5b0558	
09 Jun 2014, 16:41	Mad World	R.E.M.				
09 Feb 2017, 14:13	The Rare Ould Times	Flogging Molly		1c184e66-c584-3ff7-86f8-0af1e97d95c2	c3694ddc-f7e5-40dd-9fad-90d11a2c50fa	
09 Feb 2017, 12:58	Don't Let Me Die Still Wondering	Flogging Molly		49d6305d-875e-3851-a011-33502f0316ef	c3694ddc-f7e5-40dd-9fad-90d11a2c50fa	
09 Feb 2017, 12:55	To Youth (My Sweet Roisin Dubh)	Flogging Molly		1eb04df4-b5e7-3db7-b209-fcfa35b5d98c	c3694ddc-f7e5-40dd-9fad-90d11a2c50fa	
09 Feb 2017, 12:36	whistles of the wind	Flogging Molly				
09 Feb 2017, 10:45	The Cradle of Humankind	Flogging Molly		050ae815-3af3-4347-b662-30d9fcb46a6f	c3694ddc-f7e5-40dd-9fad-90d11a2c50fa	
09 Feb 2017, 10:04	Forever 2007	Dropkick Murphys		2a0d6a4d-7aec-394b-bef4-20a92c12267b	e8374874-4178-4869-b92e-fef6bf30dc04	
09 Dec 2017, 06:58	The Little Things That Give You Away	U2		0d3be6fe-41d5-4595-9e38-ea7fbafc9ead	a3cb23fc-acd3-4ce0-8f36-1e5aa6a18432	
08 Sep 2018, 10:25	Jubilee Road	Tom Odell		5122003a-9b1a-43f1-8b16-4d78c2d6c3ca	fee6a7fb-80d9-4290-a171-e48f1f20e381	
08 Oct 2015, 22:52	Hold On to What You Believe	Mumford & Sons		04424cef-ce50-3b6a-a2f1-8030d13882ce	c44e9c22-ef82-4a77-9bcd-af6c958446d6	
08 Nov 2018, 01:11	I Hope That I Don't Fall in Love With You	Tom Waits		0c136697-23aa-475e-96c1-aa8d3415ca79	c3aeb863-7b26-4388-94e8-5a240f2be21b	
08 Nov 2018, 01:11	Another Love	Tom Odell		013fe7a7-8fe6-4f30-99d7-42fc0726b2ba	fee6a7fb-80d9-4290-a171-e48f1f20e381	
08 Nov 2018, 01:10	Into My Arms	Nick Cave & The Bad Seeds		02e4d5b3-a461-48ec-8daa-50b642717447	172e1f1a-504d-4488-b053-6344ba63e6d0	
08 Nov 2018, 01:10	Hold On	Tom Waits		0c07c952-e59b-31fa-a871-7ff5ba33a0f8	c3aeb863-7b26-4388-94e8-5a240f2be21b	
08 Nov 2015, 00:15	You Can Have It All	Kaiser Chiefs		12e2972d-05ce-3c35-a71b-5e45e395a51c	90218af4-4d58-4821-8d41-2ee295ebbe21	
08 Nov 2014, 22:56	Recap	Pezz		49fe4fba-36e2-36a1-b599-01cef382fd33		
08 Mar 2018, 23:41	Loch Lomond	Runrig		168b3d6c-de60-4edc-b034-6879cbbaecda	b55a7c9f-5a25-4a70-86ab-9dc07ff8dc10	
08 Mar 2018, 23:41	Hearts of Olden Glory	Runrig		022c5a24-6dec-3440-9fe3-f26a04c60749	b55a7c9f-5a25-4a70-86ab-9dc07ff8dc10	
08 Mar 2017, 16:21	Blind	Rise Against		2661a239-b613-48f2-bf89-c8ef1cd2a1d8	606bf117-494f-4864-891f-09d63ff6aa4b	
08 Jun 2018, 19:33	Words	Passenger		38a10dac-b1c1-4c65-a9b0-953b330f5fd2		
08 Jun 2018, 19:30	Things That Stop You Dreaming	Passenger		1df2a1bc-ce28-4d88-9ca9-a7c4879451e5		
08 Jun 2018, 19:30	Let Her Go	Passenger		03d6b41b-284e-4015-82ff-7c00c75b003e		
08 Jun 2018, 19:30	Feather on the Clyde	Passenger		0535da8d-0e69-4cdc-bab8-aa5b8b834d64		
08 Jun 2018, 19:24	Somebody's Love	Passenger		1e9d7159-873a-4359-b3a1-c7814d072e2f		
08 Jun 2018, 15:48	Dublin City	Sir Reg		6bf333c2-3189-3df1-a356-ff2d064760aa	0ef298de-867f-4fdc-9986-acd617b343ca	
08 Jun 2018, 15:48	CRYING IN MY SLEEP	Art Garfunkel		01f22dd7-5ee6-3073-a97f-3e4e8da9af8e	fc0a5289-4b77-4246-9c8d-857c8b617f5d	
08 Jul 2017, 06:42	Raglan Road	The Young Dubliners		09675a4d-0e13-309b-982a-05f7637eed91	47771924-7047-4dbd-b6df-6c0f3bcb6677	
08 Feb 2017, 13:19	Rose Tattoo	Dropkick Murphys		0a8b2204-3953-3513-840d-b62e97016bdc	e8374874-4178-4869-b92e-fef6bf30dc04	
08 Feb 2017, 10:52	Johnny, I Hardly Knew Ya	Dropkick Murphys		0a292aaa-eff7-4798-8dd5-4123025fbbff	e8374874-4178-4869-b92e-fef6bf30dc04	
08 Dec 2017, 03:45	Yesterday Was Just A Dream	Bryan Adams		8156e741-d491-4e23-aa11-3a42bd4cf4ad	4dbf5678-7a31-406a-abbe-232f8ac2cd63	
08 Dec 2017, 03:45	Landlady	U2		041faa5b-bb78-4c91-91c1-dc554f03e6e5	a3cb23fc-acd3-4ce0-8f36-1e5aa6a18432	
08 Dec 2017, 00:02	I Was Only Dreamin'	Bryan Adams		002762d8-0767-4174-af2c-3c3be330e72d	4dbf5678-7a31-406a-abbe-232f8ac2cd63	
08 Dec 2014, 07:58	Unchained Melody	U2		038c1a95-a8ee-3762-a053-6f7828d173af	a3cb23fc-acd3-4ce0-8f36-1e5aa6a18432	
07 Oct 2018, 13:14	I Wanna Dance With Somebody	Bootstraps		63d5b2cc-e31b-4457-99aa-437b07f9aef4	d9ea7714-c3aa-4a2e-9e0c-dbd1cd646970	
07 Oct 2017, 19:56	One More Light	Linkin Park		2483f393-df3c-4230-ba4d-3c30a54ac47a	f59c5520-5f46-4d2c-b2c4-822eabf53419	
07 Nov 2015, 22:22	Meanwhile Up In Heaven	Kaiser Chiefs			90218af4-4d58-4821-8d41-2ee295ebbe21	
07 Nov 2015, 11:10	A nation once again	The Alias Acoustic Band				
07 Nov 2015, 10:07	THE WEARING OF GREEN	The Alias Acoustic Band				
07 Nov 2015, 08:51	Easter 1916	The Alias Acoustic Band				
07 May 2015, 14:35	It's Not True	Keane		26063a33-6642-3e7c-930f-ecd50957f468	c7020c6d-cae9-4db3-92a7-e5c561cbad50	
07 May 2015, 09:50	Bend and Break	Keane		02606e5a-cf40-3ae9-9f7e-a9e51784fb91	c7020c6d-cae9-4db3-92a7-e5c561cbad50	
07 May 2014, 06:59	So Far Away	Avenged Sevenfold		0a5027e1-2386-4a9f-9af8-2eaed581d094	24e1b53c-3085-4581-8472-0b0088d2508c	
07 May 2014, 06:59	Goodbye Blue Sky	Pink Floyd		023f231b-0749-43f2-9c95-6c6f1edcc80c	83d91898-7763-47d7-b03b-b92132375c47	
07 May 2014, 06:59	Everybody Hurts	R.E.M.		0045d90d-3c45-385a-b297-5e81ea819831	3c753fb5-67a6-48d0-9c39-011149278a0f	
07 May 2014, 06:58	Mother	Pink Floyd		03cfeb48-8093-36f2-879d-1bf531d0e827	83d91898-7763-47d7-b03b-b92132375c47	
07 Mar 2018, 20:22	Tillidh Mi	Runrig		15ae4671-ba25-4645-8e44-de7e4b81f1df	b55a7c9f-5a25-4a70-86ab-9dc07ff8dc10	
07 Mar 2017, 13:34	Stuck in a Moment You Can't Get Out Of	U2		00e5797f-489c-37f4-90a1-a43eca869d64	a3cb23fc-acd3-4ce0-8f36-1e5aa6a18432	
07 Jan 2017, 18:23	Saturn	Sleeping at Last		141cac1d-2ee0-4428-9caf-552fd7c44c29	72e8351a-3410-4fdb-898e-796c1ac4cb53	
07 Jan 2017, 18:23	Mercury	Sleeping at Last		04f1ec52-3743-460d-a737-a4c1eb942e6f	72e8351a-3410-4fdb-898e-796c1ac4cb53	
07 Jan 2017, 18:22	Edelweiss	Jeanette Olsson				
07 Dec 2018, 17:34	Put It On a T-Shirt	The Vaccines		20687a10-d262-4640-90fb-d31f870173ee	aa76ec08-45ab-4724-9411-d80b0e59ac59	
07 Dec 2018, 17:34	I Always Knew	The Vaccines		14415a8c-37b4-3957-908e-253f3a87b85e	aa76ec08-45ab-4724-9411-d80b0e59ac59	
07 Aug 2018, 22:25	Always	Gavin James		63b1ffe6-58e2-4729-ac55-33bb49a41f60	efd22686-4b72-43d5-9265-d5b073f550d1	
07 Aug 2018, 21:22	And If My Heart Should Somehow Stop	James Vincent McMorrow		0029d099-fbd1-3cd4-8d51-08b87000173b	3b7b1fd3-6952-4aa8-9467-40b105d1039b	
07 Aug 2018, 15:53	I Believe (When I Fall In Love It Will Be Forever)	Art Garfunkel		01add14e-5cad-30a5-9574-d053e2ff1164	fc0a5289-4b77-4246-9c8d-857c8b617f5d	
07 Aug 2018, 15:52	She Is Love	Oasis		0164246e-6236-3585-a112-082efea28cba		
07 Aug 2018, 15:13	I'm Outta Time	Oasis		06b9e49e-eae3-3ec6-bb2d-458863885120		
07 Aug 2018, 14:00	Songbird	Oasis		05538d9f-fe6e-37ad-b74d-af9b95c6d729		
07 Aug 2018, 12:33	Don't Look Back in Anger	Oasis		00a512ba-8be7-3429-bd52-bd4d60e9df03		
07 Aug 2018, 12:29	Wonderwall	Oasis		0019d958-48d0-3b49-bb52-ea5b53ecdd33		
07 Aug 2018, 12:22	Going Nowhere	Oasis		022db29c-bfc5-3a3f-ad32-7b94fbd7fb5a		
06 Sep 2018, 21:06	Last House on the Street	The Young Dubliners		c6e844fc-ca96-3d49-9006-eb2445ffa3fb	47771924-7047-4dbd-b6df-6c0f3bcb6677	
06 Oct 2017, 06:08	Wish You Were Here	Avenged Sevenfold		4e421546-77ed-4c5d-98b8-7c036815280f	24e1b53c-3085-4581-8472-0b0088d2508c	
06 Nov 2015, 16:48	Christmas Lights	Coldplay		00fd91d6-37f0-4c9d-af4b-b817d7555d9b	cc197bad-dc9c-440d-a5b5-d52ba2e14234	
06 Nov 2014, 17:31	I Will Play My Game Beneath the Spin Light	Brand New		0b8c8db3-9196-30b0-8b08-90e484248a67		
06 May 2015, 18:55	Watch How You Go	Keane		0d04e6e6-18f3-3909-a207-79be009279c0	c7020c6d-cae9-4db3-92a7-e5c561cbad50	
06 May 2014, 12:40	The Diary of Jane	Breaking Benjamin		1600eb87-eafe-4028-ba50-282e2bf77c1c	854a1807-025b-42a8-ba8c-2a39717f1d25	
06 Mar 2017, 18:36	Cruel	Dropkick Murphys		238fae79-912f-4aa3-ba37-ecd89b5abacd	e8374874-4178-4869-b92e-fef6bf30dc04	
06 Jun 2015, 12:56	The Globalist	Muse		101293d0-f938-4413-8d44-066a18aef27e	9c9f1380-2516-4fc9-a3e6-f9f61941d090	
06 Jun 2015, 12:45	Aftermath	Muse		1d89a506-ee06-48d1-b8d3-257762142d4b	9c9f1380-2516-4fc9-a3e6-f9f61941d090	
06 Jun 2015, 08:48	Save Me	Muse		031a876c-f056-3fde-8784-fd9eefcdc4c0	9c9f1380-2516-4fc9-a3e6-f9f61941d090	
06 Jun 2015, 07:26	Unintended	Muse		021f46ff-361d-4c87-890f-99c7bba09664	9c9f1380-2516-4fc9-a3e6-f9f61941d090	
06 Jun 2015, 07:26	Escape	Muse		1275282a-2865-3410-8bd9-1f7dc41041a1	9c9f1380-2516-4fc9-a3e6-f9f61941d090	
06 Jun 2015, 07:18	Sunburn	Muse		0b850cf1-c7dc-433b-9a0f-31280fd88952	9c9f1380-2516-4fc9-a3e6-f9f61941d090	
06 Jun 2014, 07:36	Endlessly	Muse		061078ba-9c1b-3d0e-8198-41bdf214090f	9c9f1380-2516-4fc9-a3e6-f9f61941d090	
06 Jun 2014, 07:34	Falling Away With You	Muse		00a8a00d-f3f5-32b9-9f7f-ce6f9673d253	9c9f1380-2516-4fc9-a3e6-f9f61941d090	
06 Jun 2014, 06:57	Medicated	Funeral for a Friend		a4e4b74b-ad06-3567-90fd-33b16fbbb231	199d0ab3-22c0-4c00-b99d-257f591dda1f	
06 Jun 2014, 06:51	What Lies Beneath	Breaking Benjamin		3314e468-8db8-4dc1-8466-51f40b097df7	854a1807-025b-42a8-ba8c-2a39717f1d25	
06 Jun 2014, 06:51	Owls (Are Watching)	Funeral for a Friend		aa1369f2-1584-3a22-804c-99814606c1f4	199d0ab3-22c0-4c00-b99d-257f591dda1f	
06 Jun 2014, 06:51	Front Row Seats to the End of the World	Funeral for a Friend		258f2e2f-79ea-3633-9936-789b650a86d9	199d0ab3-22c0-4c00-b99d-257f591dda1f	
06 Jun 2014, 06:51	Dear Agony	Breaking Benjamin		860eb8ed-9a62-3d1d-bbf1-5577681b3a3a	854a1807-025b-42a8-ba8c-2a39717f1d25	
06 Jun 2014, 06:51	Dance With The Devil	Breaking Benjamin		1fe3f396-59f2-3f62-b5eb-d58182e4a02b	854a1807-025b-42a8-ba8c-2a39717f1d25	
06 Jun 2014, 06:51	Anthem Of The Angels	Breaking Benjamin		09206027-b297-3133-b910-90461b39ef82	854a1807-025b-42a8-ba8c-2a39717f1d25	
06 Aug 2018, 18:22	My Old Friends The Blues	The Proclaimers		a6a0c41c-80a7-4341-9b19-2b11992fb183	1303b976-b862-4f04-94fd-a8d444e06714	
06 Aug 2018, 16:28	Streets of Edinburgh	The Proclaimers		01f09344-1e8d-4784-b3b4-2f18e8833622	1303b976-b862-4f04-94fd-a8d444e06714	
05 Sep 2018, 18:30	La Fee Verte	Kasabian		149af8bd-8049-326c-a8ee-d494420a47bc	69b39eab-6577-46a4-a9f5-817839092033	
05 Sep 2015, 13:55	With or Without You	U2		0026e568-9613-3118-aace-865b4826ed39	a3cb23fc-acd3-4ce0-8f36-1e5aa6a18432	
05 Sep 2015, 13:27	Where the Streets Have No Name	U2		00c01052-9c70-3840-9106-8380124742ca	a3cb23fc-acd3-4ce0-8f36-1e5aa6a18432	
05 Sep 2014, 20:21	Strangers	White Lies		290c1ba1-6d4c-33db-8aad-c167bb49b4dd	5bdb38bd-5c5b-4d0f-8901-8bbe1d7062d8	
05 May 2015, 21:36	Binary Sea	Death Cab for Cutie		7e930e54-e7ef-4bf8-82ef-22e168ff5de6	0039c7ae-e1a7-4a7d-9b49-0cbc716821a6	
05 Mar 2017, 22:25	A Fistful O' Roses	The Rumjacks		3d8139e9-32ef-4564-a001-b1b7d19d5528	aac8a458-8709-4d6b-964c-19fd9b2d7552	
05 Mar 2015, 13:44	Hard Times Come Again No More (Nicky Campbell BBC Radio Session 1989)	The Proclaimers				
05 Mar 2015, 13:22	Hard Times Come Again No More	The Proclaimers			1303b976-b862-4f04-94fd-a8d444e06714	
05 Mar 2015, 13:22	Better Days	The Proclaimers		072011b7-b7cc-380e-8cbc-914b6057dab1	1303b976-b862-4f04-94fd-a8d444e06714	
05 Feb 2018, 16:49	Greens And Fellows	Fiddler's Green		32b5fde3-fe27-419d-b37c-8af3cafdc0a1	03eb47c4-61a5-4334-bf03-1efc1e75dfb3	
05 Dec 2018, 22:00	Give Me A Sign	The Vaccines		2bac2650-3ec0-4252-8297-99d830cb8a6d	aa76ec08-45ab-4724-9411-d80b0e59ac59	
05 Apr 2017, 15:05	The Foggy Dew	The Tossers		c4296a4f-6f35-4056-8645-f6b580ac8fb0	42d42c04-7698-4b2e-9c9e-6b5ec5e36feb	
05 Apr 2015, 20:02	The Truth	Good Charlotte		1367a77e-3e40-3cff-9239-fba90bc7f474	b267ca80-034e-4dc1-9ed4-ec45f1fed41d	
05 Apr 2015, 18:04	Emotionless	Good Charlotte		01294162-2fb5-45e7-9c68-c9272662a775	b267ca80-034e-4dc1-9ed4-ec45f1fed41d	
05 Apr 2015, 18:01	The Young & the Hopeless	Good Charlotte				
05 Apr 2015, 17:19	Say Anything	Good Charlotte		078c73d0-24bf-4eb1-8ad5-58c6df066d8c	b267ca80-034e-4dc1-9ed4-ec45f1fed41d	
05 Apr 2015, 17:05	Wondering	Good Charlotte		00c5df29-d150-3434-875d-01b9cf515ed8	b267ca80-034e-4dc1-9ed4-ec45f1fed41d	
05 Apr 2015, 11:58	What If	Simple Plan		0092676a-1a6e-35a8-9203-f8282a9216ff	b345af35-205e-4eca-8006-029e5c20127e	
05 Apr 2015, 10:18	Save You	Simple Plan		279e79b0-dfa7-33b4-9543-e25f65cae87d	b345af35-205e-4eca-8006-029e5c20127e	
04 Nov 2015, 23:21	Why Should I Cry For You?	Sting		0022b579-0af1-4a9d-a21c-a548ae6fc374	7944ed53-2a58-4035-9b93-140a71e41c34	
04 Nov 2015, 19:19	The Getaway	Athlete		7c757994-e0b5-3651-aecd-c15f28e28d3d	906cbb69-b793-463a-832d-b5bf850f01a2	
04 Nov 2015, 18:31	Trading Air	Athlete		05ee8a87-0e12-42c2-83c8-0c6b7e1a52d9	906cbb69-b793-463a-832d-b5bf850f01a2	
04 Nov 2015, 15:30	Higher than the Sun	Keane		0e7e36ed-5539-4dfd-b99e-e37d396d66d3	c7020c6d-cae9-4db3-92a7-e5c561cbad50	
04 May 2014, 14:32	Why Am I the One	fun.		398dc922-453f-4a06-89e5-cb2ac489efde	136c4166-85b3-4994-aa04-59857c434199	
04 May 2014, 14:25	Carry On	fun.		09d4fe68-c2af-33ae-86be-2ca8819d1e2d	136c4166-85b3-4994-aa04-59857c434199	
04 May 2014, 14:15	Some Nights	fun.		06c5603a-7954-466b-b842-5d67fcb1d5fe	136c4166-85b3-4994-aa04-59857c434199	
04 May 2014, 11:11	Invisible	U2		4b326296-3d34-42b6-a262-4fcc73568d42	a3cb23fc-acd3-4ce0-8f36-1e5aa6a18432	
04 Jun 2015, 12:11	The Boys of bar na sraide	The Alias Acoustic Band		6a6eef7e-9d0d-35a5-9af0-6a5c94db7bc2		
04 Jun 2014, 05:30	Yesterday	The Beatles		022ee751-5d41-4fb8-a476-5cf546511943	b10bbbfc-cf9e-42e0-be17-e2c3e1d2600d	
04 Jun 2014, 05:30	It's Only Love	The Beatles		03e2d1e4-ac7f-3154-9ada-d299c4a03e48	b10bbbfc-cf9e-42e0-be17-e2c3e1d2600d	
04 Jun 2014, 05:30	I'll Follow the Sun	The Beatles		001fb446-0f93-4c21-b1e7-d0147dccb3b0	b10bbbfc-cf9e-42e0-be17-e2c3e1d2600d	
04 Jun 2014, 05:30	I Don't Want to Spoil the Party	The Beatles		0070881f-582c-4878-accc-12f140178be5	b10bbbfc-cf9e-42e0-be17-e2c3e1d2600d	
04 Feb 2017, 11:07	Starlings	Elbow		0b3b42e9-a026-4862-b403-3895f70fc7e8	3cb3928a-526c-4a3d-93c5-53315fa9bde0	
04 Feb 2017, 08:55	After the Storm	Mumford & Sons		00edf25f-2c1a-330a-ad87-3696141eef2f	c44e9c22-ef82-4a77-9bcd-af6c958446d6	
04 Dec 2018, 22:04	Slip Away	Mumford & Sons		01ba640d-9efb-40ed-8385-1f8122ef7c62	c44e9c22-ef82-4a77-9bcd-af6c958446d6	
04 Dec 2018, 22:04	October Skies	Mumford & Sons		0d3c974b-d0b0-47a6-ae62-fd8fd5bec151	c44e9c22-ef82-4a77-9bcd-af6c958446d6	
04 Dec 2018, 20:56	Lonely World	The Vaccines		79755789-3501-3d90-a0a7-21392132bf1d	aa76ec08-45ab-4724-9411-d80b0e59ac59	
04 Dec 2018, 20:56	(All Afternoon) In Love	The Vaccines		061ef307-d1dc-43d8-bfa1-d6540da23178	aa76ec08-45ab-4724-9411-d80b0e59ac59	
04 Dec 2018, 20:02	What If	Coldplay		0310ea9a-3a3e-43fc-b07a-d62ba5aef2fd	cc197bad-dc9c-440d-a5b5-d52ba2e14234	
04 Dec 2018, 20:02	Maybe (Luck of the Draw)	The Vaccines		43b3a3ca-96f0-417b-a46e-e42e19c0dc51	aa76ec08-45ab-4724-9411-d80b0e59ac59	
04 Dec 2018, 20:02	If I Say	Mumford & Sons		07bb9965-6f63-4884-9d4e-1dc7d5ca5f3b	c44e9c22-ef82-4a77-9bcd-af6c958446d6	
04 Dec 2018, 20:00	Maybe I Could Hold You	The Vaccines		13d80e7c-16af-4617-94ac-6e70b0b87a48	aa76ec08-45ab-4724-9411-d80b0e59ac59	
04 Dec 2018, 12:15	Wild Heart	Mumford & Sons		017f8852-6bf9-4a76-84cc-febf0e8ae571	c44e9c22-ef82-4a77-9bcd-af6c958446d6	
04 Dec 2018, 12:15	Forever	Mumford & Sons		1f547723-fd50-42d1-8c12-5c83289329da	c44e9c22-ef82-4a77-9bcd-af6c958446d6	
04 Dec 2018, 12:14	Picture You	Mumford & Sons		01a8d65e-884e-4b13-9e4a-d2288e678ee2	c44e9c22-ef82-4a77-9bcd-af6c958446d6	
04 Apr 2017, 15:17	Bright Blue Rose	Christy Moore		14ff2d41-d972-49ef-8816-977e9b53b8c6	f931ccfa-5c64-4bee-94c0-32fb1a6876c3	
04 Apr 2015, 14:58	Everytime	Simple Plan		94137720-053b-4f49-8457-a78304884519	b345af35-205e-4eca-8006-029e5c20127e	
04 Apr 2015, 14:22	Untitled	Simple Plan		19d85f72-febc-3f69-a5a1-a4b53149ff7f	b345af35-205e-4eca-8006-029e5c20127e	
03 May 2018, 21:24	Nomadi D'Amore	Eros Ramazzotti		708faaa4-df8e-3c9f-8867-63dd223dbdb3	3ab7295a-54ac-40e8-b1b2-3d110a143550	
03 May 2017, 07:38	Infinitamente	Eros Ramazzotti		2b6001c1-420f-4fd5-896c-8b12ff45b5bf	3ab7295a-54ac-40e8-b1b2-3d110a143550	
03 May 2014, 16:52	Sooner Or Later	Breaking Benjamin		3277869e-8306-3197-bd01-a472737649d1	854a1807-025b-42a8-ba8c-2a39717f1d25	
03 May 2014, 16:52	So Cold	Breaking Benjamin		05c30040-4914-4eec-8dee-a25fdf6429e1	854a1807-025b-42a8-ba8c-2a39717f1d25	
03 May 2014, 16:52	Forget It	Breaking Benjamin		0390ff54-89a8-31fe-bf7a-932e067c21f0	854a1807-025b-42a8-ba8c-2a39717f1d25	
03 May 2014, 16:51	Rain	Breaking Benjamin		44a57a95-ac4d-3977-881b-0a030c022c4d	854a1807-025b-42a8-ba8c-2a39717f1d25	
03 May 2014, 08:05	Who Says You Can't Go Home	Bon Jovi		0dec4a46-bce2-3e51-94e7-a7f6d23a52f5	5dcdb5eb-cb72-4e6e-9e63-b7bace604965	
03 May 2014, 08:05	Stay	Bon Jovi		0e843f6c-4aea-4152-894a-88f92c0c26f3	5dcdb5eb-cb72-4e6e-9e63-b7bace604965	
03 May 2014, 08:05	Old Habits Die Hard	Bon Jovi		11d5c2e9-46b7-4811-ab5b-0ce06a586e8e	5dcdb5eb-cb72-4e6e-9e63-b7bace604965	
03 May 2014, 08:05	I Want You	Bon Jovi		000b1ce7-b60f-4ee4-b2cd-15b9768ff2e5	5dcdb5eb-cb72-4e6e-9e63-b7bace604965	
03 May 2014, 08:05	Gravity	Coldplay		0c5099ce-78cd-35fe-81e8-537f06af7464	cc197bad-dc9c-440d-a5b5-d52ba2e14234	
03 May 2014, 08:05	Bed Of Roses	Bon Jovi		016dde5f-85b1-3ffc-bf3c-4fb71cc6acae	5dcdb5eb-cb72-4e6e-9e63-b7bace604965	
03 May 2014, 08:05	Amen	Bon Jovi		0038c730-e874-3248-a747-2423b9d038b2	5dcdb5eb-cb72-4e6e-9e63-b7bace604965	
03 May 2014, 08:05	Always	Bon Jovi		00d97d76-5f0c-3445-b393-447284df7268	5dcdb5eb-cb72-4e6e-9e63-b7bace604965	
03 Mar 2015, 14:59	Fix You	Coldplay		0434e100-d1fe-4cb1-8532-12f6803a8658	cc197bad-dc9c-440d-a5b5-d52ba2e14234	
03 Mar 2015, 13:24	Surrender	Billy Talent		06e78246-de8e-3a0d-9106-b4fa0845ce06	fd429857-5ace-4609-ae54-1502c3bdac11	
03 Jun 2015, 18:32	The Boxer	Mumford & Sons			c44e9c22-ef82-4a77-9bcd-af6c958446d6	
03 Feb 2017, 15:05	Best Not To Think About It	Athlete		1d406182-0897-32ee-b608-48f638f3e4d2	906cbb69-b793-463a-832d-b5bf850f01a2	
02 Oct 2015, 17:47	Morphine Toast	Benedict Cumberbatch				
02 Oct 2015, 09:22	Follow You Down to the Red Oak Tree	James Vincent McMorrow		23c85ac0-0b4e-4a62-b6a3-b5ea00472535	3b7b1fd3-6952-4aa8-9467-40b105d1039b	
02 Nov 2015, 08:55	Make My Heart Fly (Band Version)	The Proclaimers		59bab50e-90a0-44f1-a182-6e1329ae3ea5	1303b976-b862-4f04-94fd-a8d444e06714	
02 Mar 2018, 22:31	Take Me Back	Fiddler's Green		0178b076-2562-4590-8dcc-34ae4dd6b9f9	03eb47c4-61a5-4334-bf03-1efc1e75dfb3	
02 Mar 2018, 22:31	Caledonia	Scrum		c5b25718-4671-3fde-80f9-780372757104	e00c8ad0-4a0e-4469-af08-9672685df8b1	
02 Mar 2018, 15:48	Black Is The Colour	Christy Moore		3e69cd9d-088c-32a1-860f-1581620c227a	f931ccfa-5c64-4bee-94c0-32fb1a6876c3	
02 Mar 2017, 17:49	Thousands Are Sailing	The Pogues		08cd39fa-721b-3275-9ab4-66c065977385	d41a6875-b626-4c0f-89a1-aecb643d29ff	
02 Mar 2017, 15:11	Lullaby Of London	The Pogues		090fb122-6a4d-3807-b887-cde1cc0909e6	d41a6875-b626-4c0f-89a1-aecb643d29ff	
02 Mar 2015, 16:04	Half a World Away	R.E.M.		081267da-b8f2-4a9b-8737-79e68a7810ed	3c753fb5-67a6-48d0-9c39-011149278a0f	
02 Feb 2017, 23:39	You Are Fading	Editors		0984942e-cec3-498f-9fa5-031e023cb46b	0efe858c-89e5-4e47-906a-356fa953fd6e	
02 Feb 2017, 23:35	Let Your Good Heart Lead You Home	Editors		040f19e6-5d98-3e03-abdb-c3bc11b89fee	0efe858c-89e5-4e47-906a-356fa953fd6e	
02 Dec 2014, 23:36	Van Diemen's Land	U2		0653214a-2f0c-3c0e-a0bc-f41c78d5b734	a3cb23fc-acd3-4ce0-8f36-1e5aa6a18432	
02 Aug 2014, 21:28	Harlow's Song (Can't Dream Without You)	Good Charlotte		00a545b1-2ab8-48e0-a2c5-6f8ba7e58aa2	b267ca80-034e-4dc1-9ed4-ec45f1fed41d	
02 Aug 2014, 14:53	I'm Yours	The Script		1435b9c1-ec59-3933-942e-cca0ddc660b0	4c98aa1b-34eb-4336-987f-5e50aa059c00	
02 Apr 2015, 23:19	Postcards from Far Away	Coldplay		11ff8d71-1382-4ec2-a0ce-6d4d88e5dd02	cc197bad-dc9c-440d-a5b5-d52ba2e14234	
02 Apr 2015, 23:03	Up with the Birds	Coldplay		05d17726-4ed9-3a91-a37e-99a0d95f7313	cc197bad-dc9c-440d-a5b5-d52ba2e14234	
02 Apr 2015, 23:03	Till Kingdom Come	Coldplay				
02 Apr 2015, 23:03	Swallowed in the Sea	Coldplay		06b887ed-d6cb-3035-ba70-b3c86f005b0d	cc197bad-dc9c-440d-a5b5-d52ba2e14234	
02 Apr 2015, 19:49	Tragedy + Time	Rise Against		0317a1be-5670-4145-b471-187104d22505	606bf117-494f-4864-891f-09d63ff6aa4b	
01 Oct 2018, 18:16	Do I Wanna Know?	Arctic Monkeys		02b30f92-a7f6-455f-b3bb-23bde33c187d	ada7a83c-e3e1-40f1-93f9-3e73dbc9298a	
01 May 2014, 08:50	If God Will Send His Angels	U2		010be997-6d6a-4951-a74a-60052e59fb05	a3cb23fc-acd3-4ce0-8f36-1e5aa6a18432	
01 May 2014, 08:37	Stay (Faraway, So Close!)	U2		004f276e-342d-4333-8358-3e114a331cc4	a3cb23fc-acd3-4ce0-8f36-1e5aa6a18432	
01 May 2014, 06:58	Mad About You	Sting		011306d0-6dd0-3744-9059-4b12f5552711	7944ed53-2a58-4035-9b93-140a71e41c34	
01 Mar 2014, 14:33	Run	Snow Patrol		005b32af-956a-35d1-9a6f-42aaedb8061f	a66999a7-ae5c-460e-ba94-1a01143ae847	
01 Mar 2014, 14:16	Set the Fire to the Third Bar	Snow Patrol		03495426-cfc8-3121-9f37-c62d1da0cdf5	a66999a7-ae5c-460e-ba94-1a01143ae847	
01 Mar 2014, 13:22	Winter Kiss	Young Guns		258be706-2089-38c4-991c-2ff41152889a	40a10c54-06a1-46ad-9161-53e989c4ca95	
01 Mar 2014, 13:22	Well Worn Hand	Editors		0b8e5b3f-bbd8-3d32-9573-ec21eba39959	0efe858c-89e5-4e47-906a-356fa953fd6e	
01 Mar 2014, 13:22	Stay	Hurts		08267eb2-243e-4188-84eb-69229ce9da02		
01 Mar 2014, 13:22	Ladies & Gentlemen (Roll The Dice)	Kasabian			69b39eab-6577-46a4-a9f5-817839092033	
01 Mar 2014, 13:22	Dear God	Avenged Sevenfold		0dbe36e1-0fdb-4bdb-a2e1-686583d313e5	24e1b53c-3085-4581-8472-0b0088d2508c	
01 Mar 2014, 13:21	Yellow	Coldplay		02c5cafe-0cf2-3181-930c-5b8e6c40987a	cc197bad-dc9c-440d-a5b5-d52ba2e14234	
01 Mar 2014, 13:21	Wish You Were Here	Pink Floyd		007d1016-69c4-31a2-ab0e-c05c1847ec4a	83d91898-7763-47d7-b03b-b92132375c47	
01 Mar 2014, 13:21	Us Against the World	Coldplay		0ea9d344-974a-40b6-832b-fb81a0a96c06	cc197bad-dc9c-440d-a5b5-d52ba2e14234	
01 Mar 2014, 13:21	Somebody to Die For	Hurts		0c6fcefb-7b99-448a-b86f-c345e77c6e2e		
01 Mar 2014, 13:21	Peace on Earth	U2		0655d94b-0e0b-434b-baef-21a5ee0637b8	a3cb23fc-acd3-4ce0-8f36-1e5aa6a18432	
01 Mar 2014, 13:21	Map of the Problematique	Muse		0a17178e-a095-3653-a5bc-249e310f7fe8	9c9f1380-2516-4fc9-a3e6-f9f61941d090	
01 Mar 2014, 13:21	Golden Slumbers	The Beatles		0c385ff8-a0d0-41c7-928b-4af6e05b33f0	b10bbbfc-cf9e-42e0-be17-e2c3e1d2600d	
01 Mar 2014, 13:21	But Tonight We Dance	Rise Against		18d5a9a3-cbaf-41c2-98a5-22d74aee67ac	606bf117-494f-4864-891f-09d63ff6aa4b	
01 Mar 2014, 13:20	Sunday	Hurts		2072401b-7193-4463-9979-905bf3e342d8		
01 Mar 2014, 13:20	Little Bit of Truth	You Me at Six		1bdfc2de-b9ec-37f3-870f-28d5f492e4b7	fb4fc5a6-cbe1-45ff-954c-ef45faceb54d	
01 Mar 2014, 13:20	I Wanna Be the One	fun.		04180d5a-7649-49ed-af7d-00591a081029	136c4166-85b3-4994-aa04-59857c434199	
01 Mar 2014, 13:20	Fake Plastic Trees	Young Guns			40a10c54-06a1-46ad-9161-53e989c4ca95	
01 Mar 2014, 13:20	Crimson Day	Avenged Sevenfold		08cf1b63-eb22-4f01-8590-165cde1855e7	24e1b53c-3085-4581-8472-0b0088d2508c	
01 Mar 2014, 13:20	Crash	You Me at Six		19cdaed7-4639-369a-bf02-cf4ef8b61991	fb4fc5a6-cbe1-45ff-954c-ef45faceb54d	
01 Mar 2014, 13:20	Blind	Hurts		0f05ea02-6c4d-4211-82e6-b53b097f2940		
01 Mar 2014, 13:20	Acid Rain	Avenged Sevenfold		2696ef63-fa83-4ade-975a-60e2dec9b5ed	24e1b53c-3085-4581-8472-0b0088d2508c	
01 Mar 2014, 13:19	Your Arms Feel Like home	3 Doors Down		2c388f98-6636-339d-a6e7-42f7c133e778	2386cd66-e923-4e8e-bf14-2eebe2e9b973	
01 Mar 2014, 13:19	You Are Not	Young Guns		6861d07a-2228-34ab-92f7-468edbe0ebf0	40a10c54-06a1-46ad-9161-53e989c4ca95	
01 Mar 2014, 13:19	What Is This Thing Called Love	Editors		0b2aedf0-d334-48ca-97d6-f28f5fdf8078	0efe858c-89e5-4e47-906a-356fa953fd6e	
01 Mar 2014, 13:19	Push Your Head Towards The Air	Editors		0acb2ee3-ba0e-412d-a7db-05fccb1f298f	0efe858c-89e5-4e47-906a-356fa953fd6e	
01 Mar 2014, 13:19	A Hymn For All I’ve Lost	Young Guns		005fedca-c019-34a0-a565-942dca78faae	40a10c54-06a1-46ad-9161-53e989c4ca95	
01 Mar 2014, 13:18	Not Up to You	Stereophonics		183097ca-e13b-3a10-9a59-cb428c5f65d7	0bfba3d3-6a04-4779-bb0a-df07df5b0558	
01 Mar 2014, 13:18	Local Boy in the Photograph	Stereophonics		05c70a35-dd88-458b-b788-d702096e9456	0bfba3d3-6a04-4779-bb0a-df07df5b0558	
01 Mar 2014, 13:18	Landing in London	3 Doors Down		071c71c6-1ed0-38bb-a4fb-829de179a3f2	2386cd66-e923-4e8e-bf14-2eebe2e9b973	
01 Mar 2014, 13:18	Demons	Imagine Dragons		0037149f-ef40-3081-b1cc-c9a3b81f3fb5	012151a8-0f9a-44c9-997f-ebd68b5389f9	
01 Mar 2014, 13:18	Could You Be the One?	Stereophonics		035363b7-77b7-478f-b24d-1fec2bb129d9	0bfba3d3-6a04-4779-bb0a-df07df5b0558	
01 Mar 2014, 13:18	Chasing Cars	Snow Patrol		00ced20a-675e-43d8-9751-1ff9e24e0424	a66999a7-ae5c-460e-ba94-1a01143ae847	
01 Mar 2014, 13:18	Always Attract	You Me at Six		32168e4f-f60a-3cc6-9059-315d6a965982	fb4fc5a6-cbe1-45ff-954c-ef45faceb54d	
01 Mar 2014, 13:18	A Thousand Trees	Stereophonics		0508c43d-4454-357e-a33a-59459dc7567b	0bfba3d3-6a04-4779-bb0a-df07df5b0558	
01 Mar 2014, 13:18	100MPH	Stereophonics		5ce3b211-d538-41d0-8bef-3c61bd9b6383	0bfba3d3-6a04-4779-bb0a-df07df5b0558	
01 Mar 2014, 13:15	New York	Snow Patrol		083aeaff-7f84-4d26-ab59-09682f09511e	a66999a7-ae5c-460e-ba94-1a01143ae847	
01 Mar 2014, 12:17	The Garden Rules	Snow Patrol		219572e6-32c0-3430-9ecc-617b80affb96	a66999a7-ae5c-460e-ba94-1a01143ae847	
01 Mar 2014, 11:14	Hey Jude	The Beatles		00b010d0-cda5-454c-bf88-d8e0b83ce185	b10bbbfc-cf9e-42e0-be17-e2c3e1d2600d	
01 Jun 2017, 19:44	Lacrime Di Gioventù	Eros Ramazzotti		4a1c4806-0a13-3fbf-a1ae-4a71c0c93589	3ab7295a-54ac-40e8-b1b2-3d110a143550	
01 Jun 2017, 12:41	Both Sides Of The Boyne	Ron Kavana		bcda8f9d-a78e-4d68-a6fc-5c4d2c3d29b0	c6a19f29-0f09-4fff-be06-cde9aab372f3	
01 Jun 2014, 20:00	Not Running Anymore	Bon Jovi		176c3491-d92d-4486-ad1b-1b88a9da49a9	5dcdb5eb-cb72-4e6e-9e63-b7bace604965	
01 Jun 2014, 19:39	Superman Tonight	Bon Jovi		3b69aecb-b565-3120-88f7-b63ed1e402a4	5dcdb5eb-cb72-4e6e-9e63-b7bace604965	
01 Jun 2014, 17:49	Open All Night	Bon Jovi		2d572e16-a196-3fd0-a2e1-ecc334747e1c	5dcdb5eb-cb72-4e6e-9e63-b7bace604965	
01 Jul 2014, 20:22	The Boy Who Blocked His Own Shot	Brand New		133da1f6-60f0-446b-93d5-29fa2172cdaf		
01 Jul 2014, 18:00	I'm Alright (You Gotta Go There to Come Back)	Stereophonics		09a74605-f2f3-4071-a90b-238af3b7e3a3	0bfba3d3-6a04-4779-bb0a-df07df5b0558	
01 Feb 2019, 18:36	Duet	The Airborne Toxic Event		af8cc29e-64b6-3327-8944-b39ebf5becab	892fb2e4-0af4-42be-9e60-22898de51d32	
01 Feb 2019, 17:10	We Sink	Of Monsters and Men		2b742744-1f7d-480a-bdd1-fc0472d96135	9e103f85-7af7-41d7-b83b-49ba8f0c5abf	
01 Feb 2017, 22:39	00000 Million	Bon Iver		32a60d96-43f6-4407-946d-b6b2ca5ada1a	437a0e49-c6ae-42f6-a6c1-84f25ed366bc	
01 Feb 2017, 17:52	Come Talk To Me	Bon Iver		08a0ccee-5258-36e1-9820-dc7a0eed86e0	437a0e49-c6ae-42f6-a6c1-84f25ed366bc	
01 Apr 2018, 22:37	Is Yesterday, Tomorrow, Today	Stereophonics				
01 Apr 2018, 21:30	Rewind	Stereophonics		0472391c-fc77-3508-a838-f53d869651f7	0bfba3d3-6a04-4779-bb0a-df07df5b0558	
